1,Acrelândia
1,Assis Brasil
1,Brasiléia
1,Bujari
1,Capixaba
1,Cruzeiro do Sul
1,Epitaciolândia
1,Feijó
1,Jordão
1,Mâncio Lima
1,Manoel Urbano
1,Marechal Thaumaturgo
1,Plácido de Castro
1,Porto Walter
1,Rio Branco
1,Rodrigues Alves
1,Santa Rosa do Purus
1,Senador Guiomard
1,Sena Madureira
1,Tarauacá
1,Xapuri
1,Porto Acre
2,Água Branca
2,Anadia
2,Arapiraca
2,Atalaia
2,Barra de Santo Antônio
2,Barra de São Miguel
2,Batalha
2,Belém
2,Belo Monte
2,Boca da Mata
2,Branquinha
2,Cacimbinhas
2,Cajueiro
2,Campestre
2,Campo Alegre
2,Campo Grande
2,Canapi
2,Capela
2,Carneiros
2,Chã Preta
2,Coité do Nóia
2,Colônia Leopoldina
2,Coqueiro Seco
2,Coruripe
2,Craíbas
2,Delmiro Gouveia
2,Dois Riachos
2,Estrela de Alagoas
2,Feira Grande
2,Feliz Deserto
2,Flexeiras
2,Girau do Ponciano
2,Ibateguara
2,Igaci
2,Igreja Nova
2,Inhapi
2,Jacaré Dos Homens
2,Jacuípe
2,Japaratinga
2,Jaramataia
2,Jequiá da Praia
2,Joaquim Gomes
2,Jundiá
2,Junqueiro
2,Lagoa da Canoa
2,Limoeiro de Anadia
2,Maceió
2,Major Isidoro
2,Maragogi
2,Maravilha
2,Marechal Deodoro
2,Maribondo
2,Mar Vermelho
2,Mata Grande
2,Matriz de Camaragibe
2,Messias
2,Minador do Negrão
2,Monteirópolis
2,Murici
2,Novo Lino
2,Olho D´água Das Flores
2,Olho D´água do Casado
2,Olho D´água Grande
2,Olivença
2,Ouro Branco
2,Palestina
2,Palmeira Dos Índios
2,Pão de Açúcar
2,Pariconha
2,Paripueira
2,Passo de Camaragibe
2,Paulo Jacinto
2,Penedo
2,Piaçabuçu
2,Pilar
2,Pindoba
2,Piranhas
2,Poço Das Trincheiras
2,Porto Calvo
2,Porto de Pedras
2,Porto Real do Colégio
2,Quebrangulo
2,Rio Largo
2,Roteiro
2,Santa Luzia do Norte
2,Santana do Ipanema
2,Santana do Mundaú
2,São Brás
2,São José da Laje
2,São José da Tapera
2,São Luís do Quitunde
2,São Miguel Dos Campos
2,São Miguel Dos Milagres
2,São Sebastião
2,Satuba
2,Senador Rui Palmeira
2,Tanque D´arca
2,Taquarana
2,Teotônio Vilela
2,Traipu
2,União Dos Palmares
2,Viçosa
4,Alvarães
4,Amaturá
4,Anamã
4,Anori
4,Apuí
4,Atalaia do Norte
4,Autazes
4,Barcelos
4,Barreirinha
4,Benjamin Constant
4,Beruri
4,Boa Vista do Ramos
4,Boca do Acre
4,Borba
4,Caapiranga
4,Canutama
4,Carauari
4,Careiro
4,Careiro da Várzea
4,Coari
4,Codajás
4,Eirunepé
4,Envira
4,Fonte Boa
4,Guajará
4,Humaitá
4,Ipixuna
4,Iranduba
4,Itacoatiara
4,Itamarati
4,Itapiranga
4,Japurá
4,Juruá
4,Jutaí
4,Lábrea
4,Manacapuru
4,Manaquiri
4,Manaus
4,Manicoré
4,Maraã
4,Maués
4,Nhamundá
4,Nova Olinda do Norte
4,Novo Airão
4,Novo Aripuanã
4,Parintins
4,Pauini
4,Presidente Figueiredo
4,Rio Preto da Eva
4,Santa Isabel do Rio Negro
4,Santo Antônio do Içá
4,São Gabriel da Cachoeira
4,São Paulo de Olivença
4,São Sebastião do Uatumã
4,Silves
4,Tabatinga
4,Tapauá
4,Tefé
4,Tonantins
4,Uarini
4,Urucará
4,Urucurituba
3,Serra do Navio
3,Amapá
3,Pedra Branca do Amapari
3,Calçoene
3,Cutias
3,Ferreira Gomes
3,Itaubal
3,Laranjal do Jari
3,Macapá
3,Mazagão
3,Oiapoque
3,Porto Grande
3,Pracuúba
3,Santana
3,Tartarugalzinho
3,Vitória do Jari
5,Abaíra
5,Abaré
5,Acajutiba
5,Adustina
5,Água Fria
5,Érico Cardoso
5,Aiquara
5,Alagoinhas
5,Alcobaça
5,Almadina
5,Amargosa
5,Amélia Rodrigues
5,América Dourada
5,Anagé
5,Andaraí
5,Andorinha
5,Angical
5,Anguera
5,Antas
5,Antônio Cardoso
5,Antônio Gonçalves
5,Aporá
5,Apuarema
5,Aracatu
5,Araças
5,Araci
5,Aramari
5,Arataca
5,Aratuípe
5,Aurelino Leal
5,Baianópolis
5,Baixa Grande
5,Banzaê
5,Barra
5,Barra da Estiva
5,Barra do Choça
5,Barra do Mendes
5,Barra do Rocha
5,Barreiras
5,Barro Alto
5,Barrocas
5,Governador Lomanto Júnior
5,Belmonte
5,Belo Campo
5,Biritinga
5,Boa Nova
5,Boa Vista do Tupim
5,Bom Jesus da Lapa
5,Bom Jesus da Serra
5,Boninal
5,Bonito
5,Boquira
5,Botuporã
5,Brejões
5,Brejolândia
5,Brotas de Macaúbas
5,Brumado
5,Buerarema
5,Buritirama
5,Caatiba
5,Cabaceiras do Paraguaçu
5,Cachoeira
5,Caculé
5,Caém
5,Caetanos
5,Caetité
5,Cafarnaum
5,Cairu
5,Caldeirão Grande
5,Camacan
5,Camaçari
5,Camamu
5,Campo Alegre de Lourdes
5,Campo Formoso
5,Canápolis
5,Canarana
5,Canavieiras
5,Candeal
5,Candeias
5,Candiba
5,Cândido Sales
5,Cansanção
5,Canudos
5,Capela do Alto Alegre
5,Capim Grosso
5,Caraíbas
5,Caravelas
5,Cardeal da Silva
5,Carinhanha
5,Casa Nova
5,Castro Alves
5,Catolândia
5,Catu
5,Caturama
5,Central
5,Chorrochó
5,Cícero Dantas
5,Cipó
5,Coaraci
5,Cocos
5,Conceição da Feira
5,Conceição do Almeida
5,Conceição do Coité
5,Conceição do Jacuípe
5,Conde
5,Condeúba
5,Contendas do Sincorá
5,Coração de Maria
5,Cordeiros
5,Coribe
5,Coronel João sá
5,Correntina
5,Cotegipe
5,Cravolândia
5,Crisópolis
5,Cristópolis
5,Cruz Das Almas
5,Curaçá
5,Dário Meira
5,Dias D´ávila
5,Dom Basílio
5,Dom Macedo Costa
5,Elísio Medrado
5,Encruzilhada
5,Entre Rios
5,Esplanada
5,Euclides da Cunha
5,Eunápolis
5,Fátima
5,Feira da Mata
5,Feira de Santana
5,Filadélfia
5,Firmino Alves
5,Floresta Azul
5,Formosa do Rio Preto
5,Gandu
5,Gavião
5,Gentio do Ouro
5,Glória
5,Gongogi
5,Governador Mangabeira
5,Guajeru
5,Guanambi
5,Guaratinga
5,Heliópolis
5,Iaçu
5,Ibiassucê
5,Ibicaraí
5,Ibicoara
5,Ibicuí
5,Ibipeba
5,Ibipitanga
5,Ibiquera
5,Ibirapitanga
5,Ibirapuã
5,Ibirataia
5,Ibitiara
5,Ibititá
5,Ibotirama
5,Ichu
5,Igaporã
5,Igrapiúna
5,Iguaí
5,Ilhéus
5,Inhambupe
5,Ipecaetá
5,Ipiaú
5,Ipirá
5,Ipupiara
5,Irajuba
5,Iramaia
5,Iraquara
5,Irará
5,Irecê
5,Itabela
5,Itaberaba
5,Itabuna
5,Itacaré
5,Itaeté
5,Itagi
5,Itagibá
5,Itagimirim
5,Itaguaçu da Bahia
5,Itaju do Colônia
5,Itajuípe
5,Itamaraju
5,Itamari
5,Itambé
5,Itanagra
5,Itanhém
5,Itaparica
5,Itapé
5,Itapebi
5,Itapetinga
5,Itapicuru
5,Itapitanga
5,Itaquara
5,Itarantim
5,Itatim
5,Itiruçu
5,Itiúba
5,Itororó
5,Ituaçu
5,Ituberá
5,Iuiú
5,Jaborandi
5,Jacaraci
5,Jacobina
5,Jaguaquara
5,Jaguarari
5,Jaguaripe
5,Jandaíra
5,Jequié
5,Jeremoabo
5,Jiquiriçá
5,Jitaúna
5,João Dourado
5,Juazeiro
5,Jucuruçu
5,Jussara
5,Jussari
5,Jussiape
5,Lafaiete Coutinho
5,Lagoa Real
5,Laje
5,Lajedão
5,Lajedinho
5,Lajedo do Tabocal
5,Lamarão
5,Lapão
5,Lauro de Freitas
5,Lençóis
5,Licínio de Almeida
5,Livramento de Nossa Senhora
5,Luís Eduardo Magalhães
5,Macajuba
5,Macarani
5,Macaúbas
5,Macururé
5,Madre de Deus
5,Maetinga
5,Maiquinique
5,Mairi
5,Malhada
5,Malhada de Pedras
5,Manoel Vitorino
5,Mansidão
5,Maracás
5,Maragogipe
5,Maraú
5,Marcionílio Souza
5,Mascote
5,Mata de São João
5,Matina
5,Medeiros Neto
5,Miguel Calmon
5,Milagres
5,Mirangaba
5,Mirante
5,Monte Santo
5,Morpará
5,Morro do Chapéu
5,Mortugaba
5,Mucugê
5,Mucuri
5,Mulungu do Morro
5,Mundo Novo
5,Muniz Ferreira
5,Muquém de São Francisco
5,Muritiba
5,Mutuípe
5,Nazaré
5,Nilo Peçanha
5,Nordestina
5,Nova Canaã
5,Nova Fátima
5,Nova Ibiá
5,Nova Itarana
5,Nova Redenção
5,Nova Soure
5,Nova Viçosa
5,Novo Horizonte
5,Novo Triunfo
5,Olindina
5,Oliveira Dos Brejinhos
5,Ouriçangas
5,Ourolândia
5,Palmas de Monte Alto
5,Palmeiras
5,Paramirim
5,Paratinga
5,Paripiranga
5,Pau Brasil
5,Paulo Afonso
5,pé de Serra
5,Pedrão
5,Pedro Alexandre
5,Piatã
5,Pilão Arcado
5,Pindaí
5,Pindobaçu
5,Pintadas
5,Piraí do Norte
5,Piripá
5,Piritiba
5,Planaltino
5,Planalto
5,Poções
5,Pojuca
5,Ponto Novo
5,Porto Seguro
5,Potiraguá
5,Prado
5,Presidente Dutra
5,Presidente Jânio Quadros
5,Presidente Tancredo Neves
5,Queimadas
5,Quijingue
5,Quixabeira
5,Rafael Jambeiro
5,Remanso
5,Retirolândia
5,Riachão Das Neves
5,Riachão do Jacuípe
5,Riacho de Santana
5,Ribeira do Amparo
5,Ribeira do Pombal
5,Ribeirão do Largo
5,Rio de Contas
5,Rio do Antônio
5,Rio do Pires
5,Rio Real
5,Rodelas
5,Ruy Barbosa
5,Salinas da Margarida
5,Salvador
5,Santa Bárbara
5,Santa Brígida
5,Santa Cruz Cabrália
5,Santa Cruz da Vitória
5,Santa Inês
5,Santaluz
5,Santa Luzia
5,Santa Maria da Vitória
5,Santana
5,Santanópolis
5,Santa Rita de Cássia
5,Santa Teresinha
5,Santo Amaro
5,Santo Antônio de Jesus
5,Santo Estêvão
5,São Desidério
5,São Domingos
5,São Félix
5,São Félix do Coribe
5,São Felipe
5,São Francisco do Conde
5,São Gabriel
5,São Gonçalo Dos Campos
5,São José da Vitória
5,São José do Jacuípe
5,São Miguel Das Matas
5,São Sebastião do Passé
5,Sapeaçu
5,Sátiro Dias
5,Saubara
5,Saúde
5,Seabra
5,Sebastião Laranjeiras
5,Senhor do Bonfim
5,Serra do Ramalho
5,Sento sé
5,Serra Dourada
5,Serra Preta
5,Serrinha
5,Serrolândia
5,Simões Filho
5,Sítio do Mato
5,Sítio do Quinto
5,Sobradinho
5,Souto Soares
5,Tabocas do Brejo Velho
5,Tanhaçu
5,Tanque Novo
5,Tanquinho
5,Taperoá
5,Tapiramutá
5,Teixeira de Freitas
5,Teodoro Sampaio
5,Teofilândia
5,Teolândia
5,Terra Nova
5,Tremedal
5,Tucano
5,Uauá
5,Ubaíra
5,Ubaitaba
5,Ubatã
5,Uibaí
5,Umburanas
5,Una
5,Urandi
5,Uruçuca
5,Utinga
5,Valença
5,Valente
5,Várzea da Roça
5,Várzea do Poço
5,Várzea Nova
5,Varzedo
5,Vera Cruz
5,Vereda
5,Vitória da Conquista
5,Wagner
5,Wanderley
5,Wenceslau Guimarães
5,Xique-xique
6,Abaiara
6,Acarapé
6,Acaraú
6,Acopiara
6,Aiuaba
6,Alcântaras
6,Altaneira
6,Alto Santo
6,Amontada
6,Antonina do Norte
6,Apuiarés
6,Aquiraz
6,Aracati
6,Aracoiaba
6,Ararendá
6,Araripe
6,Aratuba
6,Arneiroz
6,Assaré
6,Aurora
6,Baixio
6,Banabuiú
6,Barbalha
6,Barreira
6,Barro
6,Barroquinha
6,Baturité
6,Beberibe
6,Bela Cruz
6,Boa Viagem
6,Brejo Santo
6,Camocim
6,Campos Sales
6,Canindé
6,Capistrano
6,Caridade
6,Cariré
6,Caririaçu
6,Cariús
6,Carnaubal
6,Cascavel
6,Catarina
6,Catunda
6,Caucaia
6,Cedro
6,Chaval
6,Choró
6,Chorozinho
6,Coreaú
6,Crateús
6,Crato
6,Croatá
6,Cruz
6,Deputado Irapuan Pinheiro
6,Ererê
6,Eusébio
6,Farias Brito
6,Forquilha
6,Fortaleza
6,Fortim
6,Frecheirinha
6,General Sampaio
6,Graça
6,Granja
6,Granjeiro
6,Groaíras
6,Guaiúba
6,Guaraciaba do Norte
6,Guaramiranga
6,Hidrolândia
6,Horizonte
6,Ibaretama
6,Ibiapina
6,Ibicuitinga
6,Icapuí
6,Icó
6,Iguatu
6,Independência
6,Ipaporanga
6,Ipaumirim
6,Ipu
6,Ipueiras
6,Iracema
6,Irauçuba
6,Itaiçaba
6,Itaitinga
6,Itapagé
6,Itapipoca
6,Itapiúna
6,Itarema
6,Itatira
6,Jaguaretama
6,Jaguaribara
6,Jaguaribe
6,Jaguaruana
6,Jardim
6,Jati
6,Jijoca de Jericoacoara
6,Juazeiro do Norte
6,Jucás
6,Lavras da Mangabeira
6,Limoeiro do Norte
6,Madalena
6,Maracanaú
6,Maranguape
6,Marco
6,Martinópole
6,Massapê
6,Mauriti
6,Meruoca
6,Milagres
6,Milhã
6,Miraíma
6,Missão Velha
6,Mombaça
6,Monsenhor Tabosa
6,Morada Nova
6,Moraújo
6,Morrinhos
6,Mucambo
6,Mulungu
6,Nova Olinda
6,Nova Russas
6,Novo Oriente
6,Ocara
6,Orós
6,Pacajus
6,Pacatuba
6,Pacoti
6,Pacujá
6,Palhano
6,Palmácia
6,Paracuru
6,Paraipaba
6,Parambu
6,Paramoti
6,Pedra Branca
6,Penaforte
6,Pentecoste
6,Pereiro
6,Pindoretama
6,Piquet Carneiro
6,Pires Ferreira
6,Poranga
6,Porteiras
6,Potengi
6,Potiretama
6,Quiterianópolis
6,Quixadá
6,Quixelô
6,Quixeramobim
6,Quixeré
6,Redenção
6,Reriutaba
6,Russas
6,Saboeiro
6,Salitre
6,Santana do Acaraú
6,Santana do Cariri
6,Santa Quitéria
6,São Benedito
6,São Gonçalo do Amarante
6,São João do Jaguaribe
6,São Luís do Curu
6,Senador Pompeu
6,Senador sá
6,Sobral
6,Solonópole
6,Tabuleiro do Norte
6,Tamboril
6,Tarrafas
6,Tauá
6,Tejuçuoca
6,Tianguá
6,Trairi
6,Tururu
6,Ubajara
6,Umari
6,Umirim
6,Uruburetama
6,Uruoca
6,Varjota
6,Várzea Alegre
6,Viçosa do Ceará
7,Brasília
8,Afonso Cláudio
8,Águia Branca
8,Água Doce do Norte
8,Alegre
8,Alfredo Chaves
8,Alto Rio Novo
8,Anchieta
8,Apiacá
8,Aracruz
8,Atilio Vivacqua
8,Baixo Guandu
8,Barra de São Francisco
8,Boa Esperança
8,Bom Jesus do Norte
8,Brejetuba
8,Cachoeiro de Itapemirim
8,Cariacica
8,Castelo
8,Colatina
8,Conceição da Barra
8,Conceição do Castelo
8,Divino de São Lourenço
8,Domingos Martins
8,Dores do Rio Preto
8,Ecoporanga
8,Fundão
8,Governador Lindenberg
8,Guaçuí
8,Guarapari
8,Ibatiba
8,Ibiraçu
8,Ibitirama
8,Iconha
8,Irupi
8,Itaguaçu
8,Itapemirim
8,Itarana
8,Iúna
8,Jaguaré
8,Jerônimo Monteiro
8,João Neiva
8,Laranja da Terra
8,Linhares
8,Mantenópolis
8,Marataízes
8,Marechal Floriano
8,Marilândia
8,Mimoso do Sul
8,Montanha
8,Mucurici
8,Muniz Freire
8,Muqui
8,Nova Venécia
8,Pancas
8,Pedro Canário
8,Pinheiros
8,Piúma
8,Ponto Belo
8,Presidente Kennedy
8,Rio Bananal
8,Rio Novo do Sul
8,Santa Leopoldina
8,Santa Maria de Jetibá
8,Santa Teresa
8,São Domingos do Norte
8,São Gabriel da Palha
8,São José do Calçado
8,São Mateus
8,São Roque do Canaã
8,Serra
8,Sooretama
8,Vargem Alta
8,Venda Nova do Imigrante
8,Viana
8,Vila Pavão
8,Vila Valério
8,Vila Velha
8,Vitória
9,Abadia de Goiás
9,Abadiânia
9,Acreúna
9,Adelândia
9,Água Fria de Goiás
9,Água Limpa
9,Águas Lindas de Goiás
9,Alexânia
9,Aloândia
9,Alto Horizonte
9,Alto Paraíso de Goiás
9,Alvorada do Norte
9,Amaralina
9,Americano do Brasil
9,Amorinópolis
9,Anápolis
9,Anhanguera
9,Anicuns
9,Aparecida de Goiânia
9,Aparecida do Rio Doce
9,Aporé
9,Araçu
9,Aragarças
9,Aragoiânia
9,Araguapaz
9,Arenópolis
9,Aruanã
9,Aurilândia
9,Avelinópolis
9,Baliza
9,Barro Alto
9,Bela Vista de Goiás
9,Bom Jardim de Goiás
9,Bom Jesus de Goiás
9,Bonfinópolis
9,Bonópolis
9,Brazabrantes
9,Britânia
9,Buriti Alegre
9,Buriti de Goiás
9,Buritinópolis
9,Cabeceiras
9,Cachoeira Alta
9,Cachoeira de Goiás
9,Cachoeira Dourada
9,Caçu
9,Caiapônia
9,Caldas Novas
9,Caldazinha
9,Campestre de Goiás
9,Campinaçu
9,Campinorte
9,Campo Alegre de Goiás
9,Campo Limpo de Goiás
9,Campos Belos
9,Campos Verdes
9,Carmo do Rio Verde
9,Castelândia
9,Catalão
9,Caturaí
9,Cavalcante
9,Ceres
9,Cezarina
9,Chapadão do Céu
9,Cidade Ocidental
9,Cocalzinho de Goiás
9,Colinas do Sul
9,Córrego do Ouro
9,Corumbá de Goiás
9,Corumbaíba
9,Cristalina
9,Cristianópolis
9,Crixás
9,Cromínia
9,Cumari
9,Damianópolis
9,Damolândia
9,Davinópolis
9,Diorama
9,Doverlândia
9,Edealina
9,Edéia
9,Estrela do Norte
9,Faina
9,Fazenda Nova
9,Firminópolis
9,Flores de Goiás
9,Formosa
9,Formoso
9,Gameleira de Goiás
9,Divinópolis de Goiás
9,Goianápolis
9,Goiandira
9,Goianésia
9,Goiânia
9,Goianira
9,Goiás
9,Goiatuba
9,Gouvelândia
9,Guapó
9,Guaraíta
9,Guarani de Goiás
9,Guarinos
9,Heitoraí
9,Hidrolândia
9,Hidrolina
9,Iaciara
9,Inaciolândia
9,Indiara
9,Inhumas
9,Ipameri
9,Ipiranga de Goiás
9,Iporá
9,Israelândia
9,Itaberaí
9,Itaguari
9,Itaguaru
9,Itajá
9,Itapaci
9,Itapirapuã
9,Itapuranga
9,Itarumã
9,Itauçu
9,Itumbiara
9,Ivolândia
9,Jandaia
9,Jaraguá
9,Jataí
9,Jaupaci
9,Jesúpolis
9,Joviânia
9,Jussara
9,Lagoa Santa
9,Leopoldo de Bulhões
9,Luziânia
9,Mairipotaba
9,Mambaí
9,Mara Rosa
9,Marzagão
9,Matrinchã
9,Maurilândia
9,Mimoso de Goiás
9,Minaçu
9,Mineiros
9,Moiporá
9,Monte Alegre de Goiás
9,Montes Claros de Goiás
9,Montividiu
9,Montividiu do Norte
9,Morrinhos
9,Morro Agudo de Goiás
9,Mossâmedes
9,Mozarlândia
9,Mundo Novo
9,Mutunópolis
9,Nazário
9,Nerópolis
9,Niquelândia
9,Nova América
9,Nova Aurora
9,Nova Crixás
9,Nova Glória
9,Nova Iguaçu de Goiás
9,Nova Roma
9,Nova Veneza
9,Novo Brasil
9,Novo Gama
9,Novo Planalto
9,Orizona
9,Ouro Verde de Goiás
9,Ouvidor
9,Padre Bernardo
9,Palestina de Goiás
9,Palmeiras de Goiás
9,Palmelo
9,Palminópolis
9,Panamá
9,Paranaiguara
9,Paraúna
9,Perolândia
9,Petrolina de Goiás
9,Pilar de Goiás
9,Piracanjuba
9,Piranhas
9,Pirenópolis
9,Pires do Rio
9,Planaltina
9,Pontalina
9,Porangatu
9,Porteirão
9,Portelândia
9,Posse
9,Professor Jamil
9,Quirinópolis
9,Rialma
9,Rianápolis
9,Rio Quente
9,Rio Verde
9,Rubiataba
9,Sanclerlândia
9,Santa Bárbara de Goiás
9,Santa Cruz de Goiás
9,Santa fé de Goiás
9,Santa Helena de Goiás
9,Santa Isabel
9,Santa Rita do Araguaia
9,Santa Rita do Novo Destino
9,Santa Rosa de Goiás
9,Santa Tereza de Goiás
9,Santa Terezinha de Goiás
9,Santo Antônio da Barra
9,Santo Antônio de Goiás
9,Santo Antônio do Descoberto
9,São Domingos
9,São Francisco de Goiás
9,São João D´aliança
9,São João da Paraúna
9,São Luís de Montes Belos
9,São Luíz do Norte
9,São Miguel do Araguaia
9,São Miguel do Passa Quatro
9,São Patrício
9,São Simão
9,Senador Canedo
9,Serranópolis
9,Silvânia
9,Simolândia
9,Sítio D´abadia
9,Taquaral de Goiás
9,Teresina de Goiás
9,Terezópolis de Goiás
9,Três Ranchos
9,Trindade
9,Trombas
9,Turvânia
9,Turvelândia
9,Uirapuru
9,Uruaçu
9,Uruana
9,Urutaí
9,Valparaíso de Goiás
9,Varjão
9,Vianópolis
9,Vicentinópolis
9,Vila Boa
9,Vila Propício
10,Açailândia
10,Afonso Cunha
10,Água Doce do Maranhão
10,Alcântara
10,Aldeias Altas
10,Altamira do Maranhão
10,Alto Alegre do Maranhão
10,Alto Alegre do Pindaré
10,Alto Parnaíba
10,Amapá do Maranhão
10,Amarante do Maranhão
10,Anajatuba
10,Anapurus
10,Apicum-açu
10,Araguanã
10,Araioses
10,Arame
10,Arari
10,Axixá
10,Bacabal
10,Bacabeira
10,Bacuri
10,Bacurituba
10,Balsas
10,Barão de Grajaú
10,Barra do Corda
10,Barreirinhas
10,Belágua
10,Bela Vista do Maranhão
10,Benedito Leite
10,Bequimão
10,Bernardo do Mearim
10,Boa Vista do Gurupi
10,Bom Jardim
10,Bom Jesus Das Selvas
10,Bom Lugar
10,Brejo
10,Brejo de Areia
10,Buriti
10,Buriti Bravo
10,Buriticupu
10,Buritirana
10,Cachoeira Grande
10,Cajapió
10,Cajari
10,Campestre do Maranhão
10,Cândido Mendes
10,Cantanhede
10,Capinzal do Norte
10,Carolina
10,Carutapera
10,Caxias
10,Cedral
10,Central do Maranhão
10,Centro do Guilherme
10,Centro Novo do Maranhão
10,Chapadinha
10,Cidelândia
10,Codó
10,Coelho Neto
10,Colinas
10,Conceição do Lago-açu
10,Coroatá
10,Cururupu
10,Davinópolis
10,Dom Pedro
10,Duque Bacelar
10,Esperantinópolis
10,Estreito
10,Feira Nova do Maranhão
10,Fernando Falcão
10,Formosa da Serra Negra
10,Fortaleza Dos Nogueiras
10,Fortuna
10,Godofredo Viana
10,Gonçalves Dias
10,Governador Archer
10,Governador Edison Lobão
10,Governador Eugênio Barros
10,Governador Luiz Rocha
10,Governador Newton Bello
10,Governador Nunes Freire
10,Graça Aranha
10,Grajaú
10,Guimarães
10,Humberto de Campos
10,Icatu
10,Igarapé do Meio
10,Igarapé Grande
10,Imperatriz
10,Itaipava do Grajaú
10,Itapecuru Mirim
10,Itinga do Maranhão
10,Jatobá
10,Jenipapo Dos Vieiras
10,João Lisboa
10,Joselândia
10,Junco do Maranhão
10,Lago da Pedra
10,Lago do Junco
10,Lago Verde
10,Lagoa do Mato
10,Lago Dos Rodrigues
10,Lagoa Grande do Maranhão
10,Lajeado Novo
10,Lima Campos
10,Loreto
10,Luís Domingues
10,Magalhães de Almeida
10,Maracaçumé
10,Marajá do Sena
10,Maranhãozinho
10,Mata Roma
10,Matinha
10,Matões
10,Matões do Norte
10,Milagres do Maranhão
10,Mirador
10,Miranda do Norte
10,Mirinzal
10,Monção
10,Montes Altos
10,Morros
10,Nina Rodrigues
10,Nova Colinas
10,Nova Iorque
10,Nova Olinda do Maranhão
10,Olho D´água Das Cunhãs
10,Olinda Nova do Maranhão
10,Paço do Lumiar
10,Palmeirândia
10,Paraibano
10,Parnarama
10,Passagem Franca
10,Pastos Bons
10,Paulino Neves
10,Paulo Ramos
10,Pedreiras
10,Pedro do Rosário
10,Penalva
10,Peri Mirim
10,Peritoró
10,Pindaré-mirim
10,Pinheiro
10,Pio Xii
10,Pirapemas
10,Poção de Pedras
10,Porto Franco
10,Porto Rico do Maranhão
10,Presidente Dutra
10,Presidente Juscelino
10,Presidente Médici
10,Presidente Sarney
10,Presidente Vargas
10,Primeira Cruz
10,Raposa
10,Riachão
10,Ribamar Fiquene
10,Rosário
10,Sambaíba
10,Santa Filomena do Maranhão
10,Santa Helena
10,Santa Inês
10,Santa Luzia
10,Santa Luzia do Paruá
10,Santa Quitéria do Maranhão
10,Santa Rita
10,Santana do Maranhão
10,Santo Amaro do Maranhão
10,Santo Antônio Dos Lopes
10,São Benedito do Rio Preto
10,São Bento
10,São Bernardo
10,São Domingos do Azeitão
10,São Domingos do Maranhão
10,São Félix de Balsas
10,São Francisco do Brejão
10,São Francisco do Maranhão
10,São João Batista
10,São João do Carú
10,São João do Paraíso
10,São João do Soter
10,São João Dos Patos
10,São José de Ribamar
10,São José Dos Basílios
10,São Luís
10,São Luís Gonzaga do Maranhão
10,São Mateus do Maranhão
10,São Pedro da Água Branca
10,São Pedro Dos Crentes
10,São Raimundo Das Mangabeiras
10,São Raimundo do Doca Bezerra
10,São Roberto
10,São Vicente Ferrer
10,Satubinha
10,Senador Alexandre Costa
10,Senador la Rocque
10,Serrano do Maranhão
10,Sítio Novo
10,Sucupira do Norte
10,Sucupira do Riachão
10,Tasso Fragoso
10,Timbiras
10,Timon
10,Trizidela do Vale
10,Tufilândia
10,Tuntum
10,Turiaçu
10,Turilândia
10,Tutóia
10,Urbano Santos
10,Vargem Grande
10,Viana
10,Vila Nova Dos Martírios
10,Vitória do Mearim
10,Vitorino Freire
10,zé Doca
13,Abadia Dos Dourados
13,Abaeté
13,Abre Campo
13,Acaiaca
13,Açucena
13,Água Boa
13,Água Comprida
13,Aguanil
13,Águas Formosas
13,Águas Vermelhas
13,Aimorés
13,Aiuruoca
13,Alagoa
13,Albertina
13,Além Paraíba
13,Alfenas
13,Alfredo Vasconcelos
13,Almenara
13,Alpercata
13,Alpinópolis
13,Alterosa
13,Alto Caparaó
13,Alto Rio Doce
13,Alvarenga
13,Alvinópolis
13,Alvorada de Minas
13,Amparo do Serra
13,Andradas
13,Cachoeira de Pajeú
13,Andrelândia
13,Angelândia
13,Antônio Carlos
13,Antônio Dias
13,Antônio Prado de Minas
13,Araçaí
13,Aracitaba
13,Araçuaí
13,Araguari
13,Arantina
13,Araponga
13,Araporã
13,Arapuá
13,Araújos
13,Araxá
13,Arceburgo
13,Arcos
13,Areado
13,Argirita
13,Aricanduva
13,Arinos
13,Astolfo Dutra
13,Ataléia
13,Augusto de Lima
13,Baependi
13,Baldim
13,Bambuí
13,Bandeira
13,Bandeira do Sul
13,Barão de Cocais
13,Barão de Monte Alto
13,Barbacena
13,Barra Longa
13,Barroso
13,Bela Vista de Minas
13,Belmiro Braga
13,Belo Horizonte
13,Belo Oriente
13,Belo Vale
13,Berilo
13,Bertópolis
13,Berizal
13,Betim
13,Bias Fortes
13,Bicas
13,Biquinhas
13,Boa Esperança
13,Bocaina de Minas
13,Bocaiúva
13,Bom Despacho
13,Bom Jardim de Minas
13,Bom Jesus da Penha
13,Bom Jesus do Amparo
13,Bom Jesus do Galho
13,Bom Repouso
13,Bom Sucesso
13,Bonfim
13,Bonfinópolis de Minas
13,Bonito de Minas
13,Borda da Mata
13,Botelhos
13,Botumirim
13,Brasilândia de Minas
13,Brasília de Minas
13,Brás Pires
13,Braúnas
13,Brasópolis
13,Brumadinho
13,Bueno Brandão
13,Buenópolis
13,Bugre
13,Buritis
13,Buritizeiro
13,Cabeceira Grande
13,Cabo Verde
13,Cachoeira da Prata
13,Cachoeira de Minas
13,Cachoeira Dourada
13,Caetanópolis
13,Caeté
13,Caiana
13,Cajuri
13,Caldas
13,Camacho
13,Camanducaia
13,Cambuí
13,Cambuquira
13,Campanário
13,Campanha
13,Campestre
13,Campina Verde
13,Campo Azul
13,Campo Belo
13,Campo do Meio
13,Campo Florido
13,Campos Altos
13,Campos Gerais
13,Canaã
13,Canápolis
13,Cana Verde
13,Candeias
13,Cantagalo
13,Caparaó
13,Capela Nova
13,Capelinha
13,Capetinga
13,Capim Branco
13,Capinópolis
13,Capitão Andrade
13,Capitão Enéas
13,Capitólio
13,Caputira
13,Caraí
13,Caranaíba
13,Carandaí
13,Carangola
13,Caratinga
13,Carbonita
13,Careaçu
13,Carlos Chagas
13,Carmésia
13,Carmo da Cachoeira
13,Carmo da Mata
13,Carmo de Minas
13,Carmo do Cajuru
13,Carmo do Paranaíba
13,Carmo do Rio Claro
13,Carmópolis de Minas
13,Carneirinho
13,Carrancas
13,Carvalhópolis
13,Carvalhos
13,Casa Grande
13,Cascalho Rico
13,Cássia
13,Conceição da Barra de Minas
13,Cataguases
13,Catas Altas
13,Catas Altas da Noruega
13,Catuji
13,Catuti
13,Caxambu
13,Cedro do Abaeté
13,Central de Minas
13,Centralina
13,Chácara
13,Chalé
13,Chapada do Norte
13,Chapada Gaúcha
13,Chiador
13,Cipotânea
13,Claraval
13,Claro Dos Poções
13,Cláudio
13,Coimbra
13,Coluna
13,Comendador Gomes
13,Comercinho
13,Conceição da Aparecida
13,Conceição Das Pedras
13,Conceição Das Alagoas
13,Conceição de Ipanema
13,Conceição do Mato Dentro
13,Conceição do Pará
13,Conceição do Rio Verde
13,Conceição Dos Ouros
13,Cônego Marinho
13,Confins
13,Congonhal
13,Congonhas
13,Congonhas do Norte
13,Conquista
13,Conselheiro Lafaiete
13,Conselheiro Pena
13,Consolação
13,Contagem
13,Coqueiral
13,Coração de Jesus
13,Cordisburgo
13,Cordislândia
13,Corinto
13,Coroaci
13,Coromandel
13,Coronel Fabriciano
13,Coronel Murta
13,Coronel Pacheco
13,Coronel Xavier Chaves
13,Córrego Danta
13,Córrego do Bom Jesus
13,Córrego Fundo
13,Córrego Novo
13,Couto de Magalhães de Minas
13,Crisólita
13,Cristais
13,Cristália
13,Cristiano Otoni
13,Cristina
13,Crucilândia
13,Cruzeiro da Fortaleza
13,Cruzília
13,Cuparaque
13,Curral de Dentro
13,Curvelo
13,Datas
13,Delfim Moreira
13,Delfinópolis
13,Delta
13,Descoberto
13,Desterro de Entre Rios
13,Desterro do Melo
13,Diamantina
13,Diogo de Vasconcelos
13,Dionísio
13,Divinésia
13,Divino
13,Divino Das Laranjeiras
13,Divinolândia de Minas
13,Divinópolis
13,Divisa Alegre
13,Divisa Nova
13,Divisópolis
13,Dom Bosco
13,Dom Cavati
13,Dom Joaquim
13,Dom Silvério
13,Dom Viçoso
13,Dona Eusébia
13,Dores de Campos
13,Dores de Guanhães
13,Dores do Indaiá
13,Dores do Turvo
13,Doresópolis
13,Douradoquara
13,Durandé
13,Elói Mendes
13,Engenheiro Caldas
13,Engenheiro Navarro
13,Entre Folhas
13,Entre Rios de Minas
13,Ervália
13,Esmeraldas
13,Espera Feliz
13,Espinosa
13,Espírito Santo do Dourado
13,Estiva
13,Estrela Dalva
13,Estrela do Indaiá
13,Estrela do Sul
13,Eugenópolis
13,Ewbank da Câmara
13,Extrema
13,Fama
13,Faria Lemos
13,Felício Dos Santos
13,São Gonçalo do Rio Preto
13,Felisburgo
13,Felixlândia
13,Fernandes Tourinho
13,Ferros
13,Fervedouro
13,Florestal
13,Formiga
13,Formoso
13,Fortaleza de Minas
13,Fortuna de Minas
13,Francisco Badaró
13,Francisco Dumont
13,Francisco sá
13,Franciscópolis
13,Frei Gaspar
13,Frei Inocêncio
13,Frei Lagonegro
13,Fronteira
13,Fronteira Dos Vales
13,Fruta de Leite
13,Frutal
13,Funilândia
13,Galiléia
13,Gameleiras
13,Glaucilândia
13,Goiabeira
13,Goianá
13,Gonçalves
13,Gonzaga
13,Gouveia
13,Governador Valadares
13,Grão Mogol
13,Grupiara
13,Guanhães
13,Guapé
13,Guaraciaba
13,Guaraciama
13,Guaranésia
13,Guarani
13,Guarará
13,Guarda-mor
13,Guaxupé
13,Guidoval
13,Guimarânia
13,Guiricema
13,Gurinhatã
13,Heliodora
13,Iapu
13,Ibertioga
13,Ibiá
13,Ibiaí
13,Ibiracatu
13,Ibiraci
13,Ibirité
13,Ibitiúra de Minas
13,Ibituruna
13,Icaraí de Minas
13,Igarapé
13,Igaratinga
13,Iguatama
13,Ijaci
13,Ilicínea
13,Imbé de Minas
13,Inconfidentes
13,Indaiabira
13,Indianópolis
13,Ingaí
13,Inhapim
13,Inhaúma
13,Inimutaba
13,Ipaba
13,Ipanema
13,Ipatinga
13,Ipiaçu
13,Ipuiúna
13,Iraí de Minas
13,Itabira
13,Itabirinha
13,Itabirito
13,Itacambira
13,Itacarambi
13,Itaguara
13,Itaipé
13,Itajubá
13,Itamarandiba
13,Itamarati de Minas
13,Itambacuri
13,Itambé do Mato Dentro
13,Itamogi
13,Itamonte
13,Itanhandu
13,Itanhomi
13,Itaobim
13,Itapagipe
13,Itapecerica
13,Itapeva
13,Itatiaiuçu
13,Itaú de Minas
13,Itaúna
13,Itaverava
13,Itinga
13,Itueta
13,Ituiutaba
13,Itumirim
13,Iturama
13,Itutinga
13,Jaboticatubas
13,Jacinto
13,Jacuí
13,Jacutinga
13,Jaguaraçu
13,Jaíba
13,Jampruca
13,Janaúba
13,Januária
13,Japaraíba
13,Japonvar
13,Jeceaba
13,Jenipapo de Minas
13,Jequeri
13,Jequitaí
13,Jequitibá
13,Jequitinhonha
13,Jesuânia
13,Joaíma
13,Joanésia
13,João Monlevade
13,João Pinheiro
13,Joaquim Felício
13,Jordânia
13,José Gonçalves de Minas
13,José Raydan
13,Josenópolis
13,Nova União
13,Juatuba
13,Juiz de Fora
13,Juramento
13,Juruaia
13,Juvenília
13,Ladainha
13,Lagamar
13,Lagoa da Prata
13,Lagoa Dos Patos
13,Lagoa Dourada
13,Lagoa Formosa
13,Lagoa Grande
13,Lagoa Santa
13,Lajinha
13,Lambari
13,Lamim
13,Laranjal
13,Lassance
13,Lavras
13,Leandro Ferreira
13,Leme do Prado
13,Leopoldina
13,Liberdade
13,Lima Duarte
13,Limeira do Oeste
13,Lontra
13,Luisburgo
13,Luislândia
13,Luminárias
13,Luz
13,Machacalis
13,Machado
13,Madre de Deus de Minas
13,Malacacheta
13,Mamonas
13,Manga
13,Manhuaçu
13,Manhumirim
13,Mantena
13,Maravilhas
13,Mar de Espanha
13,Maria da fé
13,Mariana
13,Marilac
13,Mário Campos
13,Maripá de Minas
13,Marliéria
13,Marmelópolis
13,Martinho Campos
13,Martins Soares
13,Mata Verde
13,Materlândia
13,Mateus Leme
13,Matias Barbosa
13,Matias Cardoso
13,Matipó
13,Mato Verde
13,Matozinhos
13,Matutina
13,Medeiros
13,Medina
13,Mendes Pimentel
13,Mercês
13,Mesquita
13,Minas Novas
13,Minduri
13,Mirabela
13,Miradouro
13,Miraí
13,Miravânia
13,Moeda
13,Moema
13,Monjolos
13,Monsenhor Paulo
13,Montalvânia
13,Monte Alegre de Minas
13,Monte Azul
13,Monte Belo
13,Monte Carmelo
13,Monte Formoso
13,Monte Santo de Minas
13,Montes Claros
13,Monte Sião
13,Montezuma
13,Morada Nova de Minas
13,Morro da Garça
13,Morro do Pilar
13,Munhoz
13,Muriaé
13,Mutum
13,Muzambinho
13,Nacip Raydan
13,Nanuque
13,Naque
13,Natalândia
13,Natércia
13,Nazareno
13,Nepomuceno
13,Ninheira
13,Nova Belém
13,Nova Era
13,Nova Lima
13,Nova Módica
13,Nova Ponte
13,Nova Porteirinha
13,Nova Resende
13,Nova Serrana
13,Novo Cruzeiro
13,Novo Oriente de Minas
13,Novorizonte
13,Olaria
13,Olhos-d´água
13,Olímpio Noronha
13,Oliveira
13,Oliveira Fortes
13,Onça de Pitangui
13,Oratórios
13,Orizânia
13,Ouro Branco
13,Ouro Fino
13,Ouro Preto
13,Ouro Verde de Minas
13,Padre Carvalho
13,Padre Paraíso
13,Paineiras
13,Pains
13,Pai Pedro
13,Paiva
13,Palma
13,Palmópolis
13,Papagaios
13,Paracatu
13,Pará de Minas
13,Paraguaçu
13,Paraisópolis
13,Paraopeba
13,Passabém
13,Passa Quatro
13,Passa Tempo
13,Passa-vinte
13,Passos
13,Patis
13,Patos de Minas
13,Patrocínio
13,Patrocínio do Muriaé
13,Paula Cândido
13,Paulistas
13,Pavão
13,Peçanha
13,Pedra Azul
13,Pedra Bonita
13,Pedra do Anta
13,Pedra do Indaiá
13,Pedra Dourada
13,Pedralva
13,Pedras de Maria da Cruz
13,Pedrinópolis
13,Pedro Leopoldo
13,Pedro Teixeira
13,Pequeri
13,Pequi
13,Perdigão
13,Perdizes
13,Perdões
13,Periquito
13,Pescador
13,Piau
13,Piedade de Caratinga
13,Piedade de Ponte Nova
13,Piedade do Rio Grande
13,Piedade Dos Gerais
13,Pimenta
13,Pingo-d´água
13,Pintópolis
13,Piracema
13,Pirajuba
13,Piranga
13,Piranguçu
13,Piranguinho
13,Pirapetinga
13,Pirapora
13,Piraúba
13,Pitangui
13,Piumhi
13,Planura
13,Poço Fundo
13,Poços de Caldas
13,Pocrane
13,Pompéu
13,Ponte Nova
13,Ponto Chique
13,Ponto Dos Volantes
13,Porteirinha
13,Porto Firme
13,Poté
13,Pouso Alegre
13,Pouso Alto
13,Prados
13,Prata
13,Pratápolis
13,Pratinha
13,Presidente Bernardes
13,Presidente Juscelino
13,Presidente Kubitschek
13,Presidente Olegário
13,Alto Jequitibá
13,Prudente de Morais
13,Quartel Geral
13,Queluzito
13,Raposos
13,Raul Soares
13,Recreio
13,Reduto
13,Resende Costa
13,Resplendor
13,Ressaquinha
13,Riachinho
13,Riacho Dos Machados
13,Ribeirão Das Neves
13,Ribeirão Vermelho
13,Rio Acima
13,Rio Casca
13,Rio Doce
13,Rio do Prado
13,Rio Espera
13,Rio Manso
13,Rio Novo
13,Rio Paranaíba
13,Rio Pardo de Minas
13,Rio Piracicaba
13,Rio Pomba
13,Rio Preto
13,Rio Vermelho
13,Ritápolis
13,Rochedo de Minas
13,Rodeiro
13,Romaria
13,Rosário da Limeira
13,Rubelita
13,Rubim
13,Sabará
13,Sabinópolis
13,Sacramento
13,Salinas
13,Salto da Divisa
13,Santa Bárbara
13,Santa Bárbara do Leste
13,Santa Bárbara do Monte Verde
13,Santa Bárbara do Tugúrio
13,Santa Cruz de Minas
13,Santa Cruz de Salinas
13,Santa Cruz do Escalvado
13,Santa Efigênia de Minas
13,Santa fé de Minas
13,Santa Helena de Minas
13,Santa Juliana
13,Santa Luzia
13,Santa Margarida
13,Santa Maria de Itabira
13,Santa Maria do Salto
13,Santa Maria do Suaçuí
13,Santana da Vargem
13,Santana de Cataguases
13,Santana de Pirapama
13,Santana do Deserto
13,Santana do Garambéu
13,Santana do Jacaré
13,Santana do Manhuaçu
13,Santana do Paraíso
13,Santana do Riacho
13,Santana Dos Montes
13,Santa Rita de Caldas
13,Santa Rita de Jacutinga
13,Santa Rita de Minas
13,Santa Rita de Ibitipoca
13,Santa Rita do Itueto
13,Santa Rita do Sapucaí
13,Santa Rosa da Serra
13,Santa Vitória
13,Santo Antônio do Amparo
13,Santo Antônio do Aventureiro
13,Santo Antônio do Grama
13,Santo Antônio do Itambé
13,Santo Antônio do Jacinto
13,Santo Antônio do Monte
13,Santo Antônio do Retiro
13,Santo Antônio do Rio Abaixo
13,Santo Hipólito
13,Santos Dumont
13,São Bento Abade
13,São Brás do Suaçuí
13,São Domingos Das Dores
13,São Domingos do Prata
13,São Félix de Minas
13,São Francisco
13,São Francisco de Paula
13,São Francisco de Sales
13,São Francisco do Glória
13,São Geraldo
13,São Geraldo da Piedade
13,São Geraldo do Baixio
13,São Gonçalo do Abaeté
13,São Gonçalo do Pará
13,São Gonçalo do Rio Abaixo
13,São Gonçalo do Sapucaí
13,São Gotardo
13,São João Batista do Glória
13,São João da Lagoa
13,São João da Mata
13,São João da Ponte
13,São João Das Missões
13,São João Del Rei
13,São João do Manhuaçu
13,São João do Manteninha
13,São João do Oriente
13,São João do Pacuí
13,São João do Paraíso
13,São João Evangelista
13,São João Nepomuceno
13,São Joaquim de Bicas
13,São José da Barra
13,São José da Lapa
13,São José da Safira
13,São José da Varginha
13,São José do Alegre
13,São José do Divino
13,São José do Goiabal
13,São José do Jacuri
13,São José do Mantimento
13,São Lourenço
13,São Miguel do Anta
13,São Pedro da União
13,São Pedro Dos Ferros
13,São Pedro do Suaçuí
13,São Romão
13,São Roque de Minas
13,São Sebastião da Bela Vista
13,São Sebastião da Vargem Alegre
13,São Sebastião do Anta
13,São Sebastião do Maranhão
13,São Sebastião do Oeste
13,São Sebastião do Paraíso
13,São Sebastião do Rio Preto
13,São Sebastião do Rio Verde
13,São Tiago
13,São Tomás de Aquino
13,São Thomé Das Letras
13,São Vicente de Minas
13,Sapucaí-mirim
13,Sardoá
13,Sarzedo
13,Setubinha
13,Sem-peixe
13,Senador Amaral
13,Senador Cortes
13,Senador Firmino
13,Senador José Bento
13,Senador Modestino Gonçalves
13,Senhora de Oliveira
13,Senhora do Porto
13,Senhora Dos Remédios
13,Sericita
13,Seritinga
13,Serra Azul de Minas
13,Serra da Saudade
13,Serra Dos Aimorés
13,Serra do Salitre
13,Serrania
13,Serranópolis de Minas
13,Serranos
13,Serro
13,Sete Lagoas
13,Silveirânia
13,Silvianópolis
13,Simão Pereira
13,Simonésia
13,Sobrália
13,Soledade de Minas
13,Tabuleiro
13,Taiobeiras
13,Taparuba
13,Tapira
13,Tapiraí
13,Taquaraçu de Minas
13,Tarumirim
13,Teixeiras
13,Teófilo Otoni
13,Timóteo
13,Tiradentes
13,Tiros
13,Tocantins
13,Tocos do Moji
13,Toledo
13,Tombos
13,Três Corações
13,Três Marias
13,Três Pontas
13,Tumiritinga
13,Tupaciguara
13,Turmalina
13,Turvolândia
13,Ubá
13,Ubaí
13,Ubaporanga
13,Uberaba
13,Uberlândia
13,Umburatiba
13,Unaí
13,União de Minas
13,Uruana de Minas
13,Urucânia
13,Urucuia
13,Vargem Alegre
13,Vargem Bonita
13,Vargem Grande do Rio Pardo
13,Varginha
13,Varjão de Minas
13,Várzea da Palma
13,Varzelândia
13,Vazante
13,Verdelândia
13,Veredinha
13,Veríssimo
13,Vermelho Novo
13,Vespasiano
13,Viçosa
13,Vieiras
13,Mathias Lobato
13,Virgem da Lapa
13,Virgínia
13,Virginópolis
13,Virgolândia
13,Visconde do Rio Branco
13,Volta Grande
13,Wenceslau Braz
12,Água Clara
12,Alcinópolis
12,Amambaí
12,Anastácio
12,Anaurilândia
12,Angélica
12,Antônio João
12,Aparecida do Taboado
12,Aquidauana
12,Aral Moreira
12,Bandeirantes
12,Bataguassu
12,Batayporã
12,Bela Vista
12,Bodoquena
12,Bonito
12,Brasilândia
12,Caarapó
12,Camapuã
12,Campo Grande
12,Caracol
12,Cassilândia
12,Chapadão do Sul
12,Corguinho
12,Coronel Sapucaia
12,Corumbá
12,Costa Rica
12,Coxim
12,Deodápolis
12,Dois Irmãos do Buriti
12,Douradina
12,Dourados
12,Eldorado
12,Fátima do Sul
12,Figueirão
12,Glória de Dourados
12,Guia Lopes da Laguna
12,Iguatemi
12,Inocência
12,Itaporã
12,Itaquiraí
12,Ivinhema
12,Japorã
12,Jaraguari
12,Jardim
12,Jateí
12,Juti
12,Ladário
12,Laguna Carapã
12,Maracaju
12,Miranda
12,Mundo Novo
12,Naviraí
12,Nioaque
12,Nova Alvorada do Sul
12,Nova Andradina
12,Novo Horizonte do Sul
12,Paraíso das Águas
12,Paranaíba
12,Paranhos
12,Pedro Gomes
12,Ponta Porã
12,Porto Murtinho
12,Ribas do Rio Pardo
12,Rio Brilhante
12,Rio Negro
12,Rio Verde de Mato Grosso
12,Rochedo
12,Santa Rita do Pardo
12,São Gabriel do Oeste
12,Sete Quedas
12,Selvíria
12,Sidrolândia
12,Sonora
12,Tacuru
12,Taquarussu
12,Terenos
12,Três Lagoas
12,Vicentina
11,Acorizal
11,Água Boa
11,Alta Floresta
11,Alto Araguaia
11,Alto Boa Vista
11,Alto Garças
11,Alto Paraguai
11,Alto Taquari
11,Apiacás
11,Araguaiana
11,Araguainha
11,Araputanga
11,Arenápolis
11,Aripuanã
11,Barão de Melgaço
11,Barra do Bugres
11,Barra do Garças
11,Bom Jesus do Araguaia
11,Brasnorte
11,Cáceres
11,Campinápolis
11,Campo Novo do Parecis
11,Campo Verde
11,Campos de Júlio
11,Canabrava do Norte
11,Canarana
11,Carlinda
11,Castanheira
11,Chapada Dos Guimarães
11,Cláudia
11,Cocalinho
11,Colíder
11,Colniza
11,Comodoro
11,Confresa
11,Conquista D´oeste
11,Cotriguaçu
11,Cuiabá
11,Curvelândia
11,Denise
11,Diamantino
11,Dom Aquino
11,Feliz Natal
11,Figueirópolis D´oeste
11,Gaúcha do Norte
11,General Carneiro
11,Glória D´oeste
11,Guarantã do Norte
11,Guiratinga
11,Indiavaí
11,Ipiranga do Norte
11,Itanhangá
11,Itaúba
11,Itiquira
11,Jaciara
11,Jangada
11,Jauru
11,Juara
11,Juína
11,Juruena
11,Juscimeira
11,Lambari D´oeste
11,Lucas do Rio Verde
11,Luciára
11,Vila Bela da Santíssima Trindade
11,Marcelândia
11,Matupá
11,Mirassol D´oeste
11,Nobres
11,Nortelândia
11,Nossa Senhora do Livramento
11,Nova Bandeirantes
11,Nova Nazaré
11,Nova Lacerda
11,Nova Santa Helena
11,Nova Brasilândia
11,Nova Canaã do Norte
11,Nova Mutum
11,Nova Olímpia
11,Nova Ubiratã
11,Nova Xavantina
11,Novo Mundo
11,Novo Horizonte do Norte
11,Novo São Joaquim
11,Paranaíta
11,Paranatinga
11,Novo Santo Antônio
11,Pedra Preta
11,Peixoto de Azevedo
11,Planalto da Serra
11,Poconé
11,Pontal do Araguaia
11,Ponte Branca
11,Pontes e Lacerda
11,Porto Alegre do Norte
11,Porto Dos Gaúchos
11,Porto Esperidião
11,Porto Estrela
11,Poxoréo
11,Primavera do Leste
11,Querência
11,São José Dos Quatro Marcos
11,Reserva do Cabaçal
11,Ribeirão Cascalheira
11,Ribeirãozinho
11,Rio Branco
11,Santa Carmem
11,Santo Afonso
11,São José do Povo
11,São José do Rio Claro
11,São José do Xingu
11,São Pedro da Cipa
11,Rondolândia
11,Rondonópolis
11,Rosário Oeste
11,Santa Cruz do Xingu
11,Salto do Céu
11,Santa Rita do Trivelato
11,Santa Terezinha
11,Santo Antônio do Leste
11,Santo Antônio do Leverger
11,São Félix do Araguaia
11,Sapezal
11,Serra Nova Dourada
11,Sinop
11,Sorriso
11,Tabaporã
11,Tangará da Serra
11,Tapurah
11,Terra Nova do Norte
11,Tesouro
11,Torixoréu
11,União do Sul
11,Vale de São Domingos
11,Várzea Grande
11,Vera
11,Vila Rica
11,Nova Guarita
11,Nova Marilândia
11,Nova Maringá
11,Nova Monte Verde
14,Abaetetuba
14,Abel Figueiredo
14,Acará
14,Afuá
14,Água Azul do Norte
14,Alenquer
14,Almeirim
14,Altamira
14,Anajás
14,Ananindeua
14,Anapu
14,Augusto Corrêa
14,Aurora do Pará
14,Aveiro
14,Bagre
14,Baião
14,Bannach
14,Barcarena
14,Belém
14,Belterra
14,Benevides
14,Bom Jesus do Tocantins
14,Bonito
14,Bragança
14,Brasil Novo
14,Brejo Grande do Araguaia
14,Breu Branco
14,Breves
14,Bujaru
14,Cachoeira do Piriá
14,Cachoeira do Arari
14,Cametá
14,Canaã Dos Carajás
14,Capanema
14,Capitão Poço
14,Castanhal
14,Chaves
14,Colares
14,Conceição do Araguaia
14,Concórdia do Pará
14,Cumaru do Norte
14,Curionópolis
14,Curralinho
14,Curuá
14,Curuçá
14,Dom Eliseu
14,Eldorado Dos Carajás
14,Faro
14,Floresta do Araguaia
14,Garrafão do Norte
14,Goianésia do Pará
14,Gurupá
14,Igarapé-açu
14,Igarapé-miri
14,Inhangapi
14,Ipixuna do Pará
14,Irituia
14,Itaituba
14,Itupiranga
14,Jacareacanga
14,Jacundá
14,Juruti
14,Limoeiro do Ajuru
14,Mãe do Rio
14,Magalhães Barata
14,Marabá
14,Maracanã
14,Marapanim
14,Marituba
14,Medicilândia
14,Melgaço
14,Mocajuba
14,Moju
14,Mojuí dos Campos
14,Monte Alegre
14,Muaná
14,Nova Esperança do Piriá
14,Nova Ipixuna
14,Nova Timboteua
14,Novo Progresso
14,Novo Repartimento
14,Óbidos
14,Oeiras do Pará
14,Oriximiná
14,Ourém
14,Ourilândia do Norte
14,Pacajá
14,Palestina do Pará
14,Paragominas
14,Parauapebas
14,Pau D´arco
14,Peixe-boi
14,Piçarra
14,Placas
14,Ponta de Pedras
14,Portel
14,Porto de Moz
14,Prainha
14,Primavera
14,Quatipuru
14,Redenção
14,Rio Maria
14,Rondon do Pará
14,Rurópolis
14,Salinópolis
14,Salvaterra
14,Santa Bárbara do Pará
14,Santa Cruz do Arari
14,Santa Isabel do Pará
14,Santa Luzia do Pará
14,Santa Maria Das Barreiras
14,Santa Maria do Pará
14,Santana do Araguaia
14,Santarém
14,Santarém Novo
14,Santo Antônio do Tauá
14,São Caetano de Odivelas
14,São Domingos do Araguaia
14,São Domingos do Capim
14,São Félix do Xingu
14,São Francisco do Pará
14,São Geraldo do Araguaia
14,São João da Ponta
14,São João de Pirabas
14,São João do Araguaia
14,São Miguel do Guamá
14,São Sebastião da Boa Vista
14,Sapucaia
14,Senador José Porfírio
14,Soure
14,Tailândia
14,Terra Alta
14,Terra Santa
14,Tomé-açu
14,Tracuateua
14,Trairão
14,Tucumã
14,Tucuruí
14,Ulianópolis
14,Uruará
14,Vigia
14,Viseu
14,Vitória do Xingu
14,Xinguara
15,Água Branca
15,Aguiar
15,Alagoa Grande
15,Alagoa Nova
15,Alagoinha
15,Alcantil
15,Algodão de Jandaíra
15,Alhandra
15,São João do Rio do Peixe
15,Amparo
15,Aparecida
15,Araçagi
15,Arara
15,Araruna
15,Areia
15,Areia de Baraúnas
15,Areial
15,Aroeiras
15,Assunção
15,Baía da Traição
15,Bananeiras
15,Baraúna
15,Barra de Santana
15,Barra de Santa Rosa
15,Barra de São Miguel
15,Bayeux
15,Belém
15,Belém do Brejo do Cruz
15,Bernardino Batista
15,Boa Ventura
15,Boa Vista
15,Bom Jesus
15,Bom Sucesso
15,Bonito de Santa fé
15,Boqueirão
15,Igaracy
15,Borborema
15,Brejo do Cruz
15,Brejo Dos Santos
15,Caaporã
15,Cabaceiras
15,Cabedelo
15,Cachoeira Dos Índios
15,Cacimba de Areia
15,Cacimba de Dentro
15,Cacimbas
15,Caiçara
15,Cajazeiras
15,Cajazeirinhas
15,Caldas Brandão
15,Camalaú
15,Campina Grande
15,Capim
15,Caraúbas
15,Carrapateira
15,Casserengue
15,Catingueira
15,Catolé do Rocha
15,Caturité
15,Conceição
15,Condado
15,Conde
15,Congo
15,Coremas
15,Coxixola
15,Cruz do Espírito Santo
15,Cubati
15,Cuité
15,Cuitegi
15,Cuité de Mamanguape
15,Curral de Cima
15,Curral Velho
15,Damião
15,Desterro
15,Vista Serrana
15,Diamante
15,Dona Inês
15,Duas Estradas
15,Emas
15,Esperança
15,Fagundes
15,Frei Martinho
15,Gado Bravo
15,Guarabira
15,Gurinhém
15,Gurjão
15,Ibiara
15,Imaculada
15,Ingá
15,Itabaiana
15,Itaporanga
15,Itapororoca
15,Itatuba
15,Jacaraú
15,Jericó
15,João Pessoa
15,Juarez Távora
15,Juazeirinho
15,Junco do Seridó
15,Juripiranga
15,Juru
15,Lagoa
15,Lagoa de Dentro
15,Lagoa Seca
15,Lastro
15,Livramento
15,Logradouro
15,Lucena
15,Mãe D´água
15,Malta
15,Mamanguape
15,Manaíra
15,Marcação
15,Mari
15,Marizópolis
15,Massaranduba
15,Mataraca
15,Matinhas
15,Mato Grosso
15,Maturéia
15,Mogeiro
15,Montadas
15,Monte Horebe
15,Monteiro
15,Mulungu
15,Natuba
15,Nazarezinho
15,Nova Floresta
15,Nova Olinda
15,Nova Palmeira
15,Olho D´água
15,Olivedos
15,Ouro Velho
15,Parari
15,Passagem
15,Patos
15,Paulista
15,Pedra Branca
15,Pedra Lavrada
15,Pedras de Fogo
15,Piancó
15,Picuí
15,Pilar
15,Pilões
15,Pilõezinhos
15,Pirpirituba
15,Pitimbu
15,Pocinhos
15,Poço Dantas
15,Poço de José de Moura
15,Pombal
15,Prata
15,Princesa Isabel
15,Puxinanã
15,Queimadas
15,Quixabá
15,Remígio
15,Pedro Régis
15,Riachão
15,Riachão do Bacamarte
15,Riachão do Poço
15,Riacho de Santo Antônio
15,Riacho Dos Cavalos
15,Rio Tinto
15,Salgadinho
15,Salgado de São Félix
15,Santa Cecília
15,Santa Cruz
15,Santa Helena
15,Santa Inês
15,Santa Luzia
15,Santana de Mangueira
15,Santana Dos Garrotes
15,Santarém
15,Santa Rita
15,Santa Teresinha
15,Santo André
15,São Bento
15,São Bentinho
15,São Domingos do Cariri
15,São Domingos de Pombal
15,São Francisco
15,São João do Cariri
15,São João do Tigre
15,São José da Lagoa Tapada
15,São José de Caiana
15,São José de Espinharas
15,São José Dos Ramos
15,São José de Piranhas
15,São José de Princesa
15,São José do Bonfim
15,São José do Brejo do Cruz
15,São José do Sabugi
15,São José Dos Cordeiros
15,São Mamede
15,São Miguel de Taipu
15,São Sebastião de Lagoa de Roça
15,São Sebastião do Umbuzeiro
15,Sapé
15,Seridó
15,Serra Branca
15,Serra da Raiz
15,Serra Grande
15,Serra Redonda
15,Serraria
15,Sertãozinho
15,Sobrado
15,Solânea
15,Soledade
15,Sossêgo
15,Sousa
15,Sumé
15,Campo de Santana
15,Taperoá
15,Tavares
15,Teixeira
15,Tenório
15,Triunfo
15,Uiraúna
15,Umbuzeiro
15,Várzea
15,Vieirópolis
15,Zabelê
17,Abreu e Lima
17,Afogados da Ingazeira
17,Afrânio
17,Agrestina
17,Água Preta
17,Águas Belas
17,Alagoinha
17,Aliança
17,Altinho
17,Amaraji
17,Angelim
17,Araçoiaba
17,Araripina
17,Arcoverde
17,Barra de Guabiraba
17,Barreiros
17,Belém de Maria
17,Belém de São Francisco
17,Belo Jardim
17,Betânia
17,Bezerros
17,Bodocó
17,Bom Conselho
17,Bom Jardim
17,Bonito
17,Brejão
17,Brejinho
17,Brejo da Madre de Deus
17,Buenos Aires
17,Buíque
17,Cabo de Santo Agostinho
17,Cabrobó
17,Cachoeirinha
17,Caetés
17,Calçado
17,Calumbi
17,Camaragibe
17,Camocim de São Félix
17,Camutanga
17,Canhotinho
17,Capoeiras
17,Carnaíba
17,Carnaubeira da Penha
17,Carpina
17,Caruaru
17,Casinhas
17,Catende
17,Cedro
17,Chã de Alegria
17,Chã Grande
17,Condado
17,Correntes
17,Cortês
17,Cumaru
17,Cupira
17,Custódia
17,Dormentes
17,Escada
17,Exu
17,Feira Nova
17,Fernando de Noronha
17,Ferreiros
17,Flores
17,Floresta
17,Frei Miguelinho
17,Gameleira
17,Garanhuns
17,Glória do Goitá
17,Goiana
17,Granito
17,Gravatá
17,Iati
17,Ibimirim
17,Ibirajuba
17,Igarassu
17,Iguaraci
17,Inajá
17,Ingazeira
17,Ipojuca
17,Ipubi
17,Itacuruba
17,Itaíba
17,Ilha de Itamaracá
17,Itambé
17,Itapetim
17,Itapissuma
17,Itaquitinga
17,Jaboatão Dos Guararapes
17,Jaqueira
17,Jataúba
17,Jatobá
17,João Alfredo
17,Joaquim Nabuco
17,Jucati
17,Jupi
17,Jurema
17,Lagoa do Carro
17,Lagoa do Itaenga
17,Lagoa do Ouro
17,Lagoa Dos Gatos
17,Lagoa Grande
17,Lajedo
17,Limoeiro
17,Macaparana
17,Machados
17,Manari
17,Maraial
17,Mirandiba
17,Moreno
17,Nazaré da Mata
17,Olinda
17,Orobó
17,Orocó
17,Ouricuri
17,Palmares
17,Palmeirina
17,Panelas
17,Paranatama
17,Parnamirim
17,Passira
17,Paudalho
17,Paulista
17,Pedra
17,Pesqueira
17,Petrolândia
17,Petrolina
17,Poção
17,Pombos
17,Primavera
17,Quipapá
17,Quixaba
17,Recife
17,Riacho Das Almas
17,Ribeirão
17,Rio Formoso
17,Sairé
17,Salgadinho
17,Salgueiro
17,Saloá
17,Sanharó
17,Santa Cruz
17,Santa Cruz da Baixa Verde
17,Santa Cruz do Capibaribe
17,Santa Filomena
17,Santa Maria da Boa Vista
17,Santa Maria do Cambucá
17,Santa Terezinha
17,São Benedito do Sul
17,São Bento do Una
17,São Caitano
17,São João
17,São Joaquim do Monte
17,São José da Coroa Grande
17,São José do Belmonte
17,São José do Egito
17,São Lourenço da Mata
17,São Vicente Ferrer
17,Serra Talhada
17,Serrita
17,Sertânia
17,Sirinhaém
17,Moreilândia
17,Solidão
17,Surubim
17,Tabira
17,Tacaimbó
17,Tacaratu
17,Tamandaré
17,Taquaritinga do Norte
17,Terezinha
17,Terra Nova
17,Timbaúba
17,Toritama
17,Tracunhaém
17,Trindade
17,Triunfo
17,Tupanatinga
17,Tuparetama
17,Venturosa
17,Verdejante
17,Vertente do Lério
17,Vertentes
17,Vicência
17,Vitória de Santo Antão
17,Xexéu
18,Acauã
18,Agricolândia
18,Água Branca
18,Alagoinha do Piauí
18,Alegrete do Piauí
18,Alto Longá
18,Altos
18,Alvorada do Gurguéia
18,Amarante
18,Angical do Piauí
18,Anísio de Abreu
18,Antônio Almeida
18,Aroazes
18,Aroeiras do Itaim
18,Arraial
18,Assunção do Piauí
18,Avelino Lopes
18,Baixa Grande do Ribeiro
18,Barra D´alcântara
18,Barras
18,Barreiras do Piauí
18,Barro Duro
18,Batalha
18,Bela Vista do Piauí
18,Belém do Piauí
18,Beneditinos
18,Bertolínia
18,Betânia do Piauí
18,Boa Hora
18,Bocaina
18,Bom Jesus
18,Bom Princípio do Piauí
18,Bonfim do Piauí
18,Boqueirão do Piauí
18,Brasileira
18,Brejo do Piauí
18,Buriti Dos Lopes
18,Buriti Dos Montes
18,Cabeceiras do Piauí
18,Cajazeiras do Piauí
18,Cajueiro da Praia
18,Caldeirão Grande do Piauí
18,Campinas do Piauí
18,Campo Alegre do Fidalgo
18,Campo Grande do Piauí
18,Campo Largo do Piauí
18,Campo Maior
18,Canavieira
18,Canto do Buriti
18,Capitão de Campos
18,Capitão Gervásio Oliveira
18,Caracol
18,Caraúbas do Piauí
18,Caridade do Piauí
18,Castelo do Piauí
18,Caxingó
18,Cocal
18,Cocal de Telha
18,Cocal Dos Alves
18,Coivaras
18,Colônia do Gurguéia
18,Colônia do Piauí
18,Conceição do Canindé
18,Coronel José Dias
18,Corrente
18,Cristalândia do Piauí
18,Cristino Castro
18,Curimatá
18,Currais
18,Curralinhos
18,Curral Novo do Piauí
18,Demerval Lobão
18,Dirceu Arcoverde
18,Dom Expedito Lopes
18,Domingos Mourão
18,Dom Inocêncio
18,Elesbão Veloso
18,Eliseu Martins
18,Esperantina
18,Fartura do Piauí
18,Flores do Piauí
18,Floresta do Piauí
18,Floriano
18,Francinópolis
18,Francisco Ayres
18,Francisco Macedo
18,Francisco Santos
18,Fronteiras
18,Geminiano
18,Gilbués
18,Guadalupe
18,Guaribas
18,Hugo Napoleão
18,Ilha Grande
18,Inhuma
18,Ipiranga do Piauí
18,Isaías Coelho
18,Itainópolis
18,Itaueira
18,Jacobina do Piauí
18,Jaicós
18,Jardim do Mulato
18,Jatobá do Piauí
18,Jerumenha
18,João Costa
18,Joaquim Pires
18,Joca Marques
18,José de Freitas
18,Juazeiro do Piauí
18,Júlio Borges
18,Jurema
18,Lagoinha do Piauí
18,Lagoa Alegre
18,Lagoa do Barro do Piauí
18,Lagoa de São Francisco
18,Lagoa do Piauí
18,Lagoa do Sítio
18,Landri Sales
18,Luís Correia
18,Luzilândia
18,Madeiro
18,Manoel Emídio
18,Marcolândia
18,Marcos Parente
18,Massapê do Piauí
18,Matias Olímpio
18,Miguel Alves
18,Miguel Leão
18,Milton Brandão
18,Monsenhor Gil
18,Monsenhor Hipólito
18,Monte Alegre do Piauí
18,Morro Cabeça no Tempo
18,Morro do Chapéu do Piauí
18,Murici Dos Portelas
18,Nazaré do Piauí
18,Nazária
18,Nossa Senhora de Nazaré
18,Nossa Senhora Dos Remédios
18,Novo Oriente do Piauí
18,Novo Santo Antônio
18,Oeiras
18,Olho D´água do Piauí
18,Padre Marcos
18,Paes Landim
18,Pajeú do Piauí
18,Palmeira do Piauí
18,Palmeirais
18,Paquetá
18,Parnaguá
18,Parnaíba
18,Passagem Franca do Piauí
18,Patos do Piauí
18,Pau D´arco do Piauí
18,Paulistana
18,Pavussu
18,Pedro ii
18,Pedro Laurentino
18,Nova Santa Rita
18,Picos
18,Pimenteiras
18,Pio ix
18,Piracuruca
18,Piripiri
18,Porto
18,Porto Alegre do Piauí
18,Prata do Piauí
18,Queimada Nova
18,Redenção do Gurguéia
18,Regeneração
18,Riacho Frio
18,Ribeira do Piauí
18,Ribeiro Gonçalves
18,Rio Grande do Piauí
18,Santa Cruz do Piauí
18,Santa Cruz Dos Milagres
18,Santa Filomena
18,Santa Luz
18,Santana do Piauí
18,Santa Rosa do Piauí
18,Santo Antônio de Lisboa
18,Santo Antônio Dos Milagres
18,Santo Inácio do Piauí
18,São Braz do Piauí
18,São Félix do Piauí
18,São Francisco de Assis do Piauí
18,São Francisco do Piauí
18,São Gonçalo do Gurguéia
18,São Gonçalo do Piauí
18,São João da Canabrava
18,São João da Fronteira
18,São João da Serra
18,São João da Varjota
18,São João do Arraial
18,São João do Piauí
18,São José do Divino
18,São José do Peixe
18,São José do Piauí
18,São Julião
18,São Lourenço do Piauí
18,São Luis do Piauí
18,São Miguel da Baixa Grande
18,São Miguel do Fidalgo
18,São Miguel do Tapuio
18,São Pedro do Piauí
18,São Raimundo Nonato
18,Sebastião Barros
18,Sebastião Leal
18,Sigefredo Pacheco
18,Simões
18,Simplício Mendes
18,Socorro do Piauí
18,Sussuapara
18,Tamboril do Piauí
18,Tanque do Piauí
18,Teresina
18,União
18,Uruçuí
18,Valença do Piauí
18,Várzea Branca
18,Várzea Grande
18,Vera Mendes
18,Vila Nova do Piauí
18,Wall Ferraz
16,Abatiá
16,Adrianópolis
16,Agudos do Sul
16,Almirante Tamandaré
16,Altamira do Paraná
16,Altônia
16,Alto Paraná
16,Alto Piquiri
16,Alvorada do Sul
16,Amaporã
16,Ampére
16,Anahy
16,Andirá
16,Ângulo
16,Antonina
16,Antônio Olinto
16,Apucarana
16,Arapongas
16,Arapoti
16,Arapuã
16,Araruna
16,Araucária
16,Ariranha do Ivaí
16,Assaí
16,Assis Chateaubriand
16,Astorga
16,Atalaia
16,Balsa Nova
16,Bandeirantes
16,Barbosa Ferraz
16,Barracão
16,Barra do Jacaré
16,Bela Vista da Caroba
16,Bela Vista do Paraíso
16,Bituruna
16,Boa Esperança
16,Boa Esperança do Iguaçu
16,Boa Ventura de São Roque
16,Boa Vista da Aparecida
16,Bocaiúva do Sul
16,Bom Jesus do Sul
16,Bom Sucesso
16,Bom Sucesso do Sul
16,Borrazópolis
16,Braganey
16,Brasilândia do Sul
16,Cafeara
16,Cafelândia
16,Cafezal do Sul
16,Califórnia
16,Cambará
16,Cambé
16,Cambira
16,Campina da Lagoa
16,Campina do Simão
16,Campina Grande do Sul
16,Campo Bonito
16,Campo do Tenente
16,Campo Largo
16,Campo Magro
16,Campo Mourão
16,Cândido de Abreu
16,Candói
16,Cantagalo
16,Capanema
16,Capitão Leônidas Marques
16,Carambeí
16,Carlópolis
16,Cascavel
16,Castro
16,Catanduvas
16,Centenário do Sul
16,Cerro Azul
16,Céu Azul
16,Chopinzinho
16,Cianorte
16,Cidade Gaúcha
16,Clevelândia
16,Colombo
16,Colorado
16,Congonhinhas
16,Conselheiro Mairinck
16,Contenda
16,Corbélia
16,Cornélio Procópio
16,Coronel Domingos Soares
16,Coronel Vivida
16,Corumbataí do Sul
16,Cruzeiro do Iguaçu
16,Cruzeiro do Oeste
16,Cruzeiro do Sul
16,Cruz Machado
16,Cruzmaltina
16,Curitiba
16,Curiúva
16,Diamante do Norte
16,Diamante do Sul
16,Diamante D´oeste
16,Dois Vizinhos
16,Douradina
16,Doutor Camargo
16,Enéas Marques
16,Engenheiro Beltrão
16,Esperança Nova
16,Entre Rios do Oeste
16,Espigão Alto do Iguaçu
16,Farol
16,Faxinal
16,Fazenda Rio Grande
16,Fênix
16,Fernandes Pinheiro
16,Figueira
16,Floraí
16,Flor da Serra do Sul
16,Floresta
16,Florestópolis
16,Flórida
16,Formosa do Oeste
16,Foz do Iguaçu
16,Francisco Alves
16,Francisco Beltrão
16,Foz do Jordão
16,General Carneiro
16,Godoy Moreira
16,Goioerê
16,Goioxim
16,Grandes Rios
16,Guaíra
16,Guairaçá
16,Guamiranga
16,Guapirama
16,Guaporema
16,Guaraci
16,Guaraniaçu
16,Guarapuava
16,Guaraqueçaba
16,Guaratuba
16,Honório Serpa
16,Ibaiti
16,Ibema
16,Ibiporã
16,Icaraíma
16,Iguaraçu
16,Iguatu
16,Imbaú
16,Imbituva
16,Inácio Martins
16,Inajá
16,Indianópolis
16,Ipiranga
16,Iporã
16,Iracema do Oeste
16,Irati
16,Iretama
16,Itaguajé
16,Itaipulândia
16,Itambaracá
16,Itambé
16,Itapejara D´oeste
16,Itaperuçu
16,Itaúna do Sul
16,Ivaí
16,Ivaiporã
16,Ivaté
16,Ivatuba
16,Jaboti
16,Jacarezinho
16,Jaguapitã
16,Jaguariaíva
16,Jandaia do Sul
16,Janiópolis
16,Japira
16,Japurá
16,Jardim Alegre
16,Jardim Olinda
16,Jataizinho
16,Jesuítas
16,Joaquim Távora
16,Jundiaí do Sul
16,Juranda
16,Jussara
16,Kaloré
16,Lapa
16,Laranjal
16,Laranjeiras do Sul
16,Leópolis
16,Lidianópolis
16,Lindoeste
16,Loanda
16,Lobato
16,Londrina
16,Luiziana
16,Lunardelli
16,Lupionópolis
16,Mallet
16,Mamborê
16,Mandaguaçu
16,Mandaguari
16,Mandirituba
16,Manfrinópolis
16,Mangueirinha
16,Manoel Ribas
16,Marechal Cândido Rondon
16,Maria Helena
16,Marialva
16,Marilândia do Sul
16,Marilena
16,Mariluz
16,Maringá
16,Mariópolis
16,Maripá
16,Marmeleiro
16,Marquinho
16,Marumbi
16,Matelândia
16,Matinhos
16,Mato Rico
16,Mauá da Serra
16,Medianeira
16,Mercedes
16,Mirador
16,Miraselva
16,Missal
16,Moreira Sales
16,Morretes
16,Munhoz de Melo
16,Nossa Senhora Das Graças
16,Nova Aliança do Ivaí
16,Nova América da Colina
16,Nova Aurora
16,Nova Cantu
16,Nova Esperança
16,Nova Esperança do Sudoeste
16,Nova Fátima
16,Nova Laranjeiras
16,Nova Londrina
16,Nova Olímpia
16,Nova Santa Bárbara
16,Nova Santa Rosa
16,Nova Prata do Iguaçu
16,Nova Tebas
16,Novo Itacolomi
16,Ortigueira
16,Ourizona
16,Ouro Verde do Oeste
16,Paiçandu
16,Palmas
16,Palmeira
16,Palmital
16,Palotina
16,Paraíso do Norte
16,Paranacity
16,Paranaguá
16,Paranapoema
16,Paranavaí
16,Pato Bragado
16,Pato Branco
16,Paula Freitas
16,Paulo Frontin
16,Peabiru
16,Perobal
16,Pérola
16,Pérola D´oeste
16,Piên
16,Pinhais
16,Pinhalão
16,Pinhal de São Bento
16,Pinhão
16,Piraí do Sul
16,Piraquara
16,Pitanga
16,Pitangueiras
16,Planaltina do Paraná
16,Planalto
16,Ponta Grossa
16,Pontal do Paraná
16,Porecatu
16,Porto Amazonas
16,Porto Barreiro
16,Porto Rico
16,Porto Vitória
16,Prado Ferreira
16,Pranchita
16,Presidente Castelo Branco
16,Primeiro de Maio
16,Prudentópolis
16,Quarto Centenário
16,Quatiguá
16,Quatro Barras
16,Quatro Pontes
16,Quedas do Iguaçu
16,Querência do Norte
16,Quinta do Sol
16,Quitandinha
16,Ramilândia
16,Rancho Alegre
16,Rancho Alegre D´oeste
16,Realeza
16,Rebouças
16,Renascença
16,Reserva
16,Reserva do Iguaçu
16,Ribeirão Claro
16,Ribeirão do Pinhal
16,Rio Azul
16,Rio Bom
16,Rio Bonito do Iguaçu
16,Rio Branco do Ivaí
16,Rio Branco do Sul
16,Rio Negro
16,Rolândia
16,Roncador
16,Rondon
16,Rosário do Ivaí
16,Sabáudia
16,Salgado Filho
16,Salto do Itararé
16,Salto do Lontra
16,Santa Amélia
16,Santa Cecília do Pavão
16,Santa Cruz de Monte Castelo
16,Santa fé
16,Santa Helena
16,Santa Inês
16,Santa Isabel do Ivaí
16,Santa Izabel do Oeste
16,Santa Lúcia
16,Santa Maria do Oeste
16,Santa Mariana
16,Santa Mônica
16,Santana do Itararé
16,Santa Tereza do Oeste
16,Santa Terezinha de Itaipu
16,Santo Antônio da Platina
16,Santo Antônio do Caiuá
16,Santo Antônio do Paraíso
16,Santo Antônio do Sudoeste
16,Santo Inácio
16,São Carlos do Ivaí
16,São Jerônimo da Serra
16,São João
16,São João do Caiuá
16,São João do Ivaí
16,São João do Triunfo
16,São Jorge D´oeste
16,São Jorge do Ivaí
16,São Jorge do Patrocínio
16,São José da Boa Vista
16,São José Das Palmeiras
16,São José Dos Pinhais
16,São Manoel do Paraná
16,São Mateus do Sul
16,São Miguel do Iguaçu
16,São Pedro do Iguaçu
16,São Pedro do Ivaí
16,São Pedro do Paraná
16,São Sebastião da Amoreira
16,São Tomé
16,Sapopema
16,Sarandi
16,Saudade do Iguaçu
16,Sengés
16,Serranópolis do Iguaçu
16,Sertaneja
16,Sertanópolis
16,Siqueira Campos
16,Sulina
16,Tamarana
16,Tamboara
16,Tapejara
16,Tapira
16,Teixeira Soares
16,Telêmaco Borba
16,Terra Boa
16,Terra Rica
16,Terra Roxa
16,Tibagi
16,Tijucas do Sul
16,Toledo
16,Tomazina
16,Três Barras do Paraná
16,Tunas do Paraná
16,Tuneiras do Oeste
16,Tupãssi
16,Turvo
16,Ubiratã
16,Umuarama
16,União da Vitória
16,Uniflor
16,Uraí
16,Wenceslau Braz
16,Ventania
16,Vera Cruz do Oeste
16,Verê
16,Vila Alta
16,Doutor Ulysses
16,Virmond
16,Vitorino
16,Xambrê
19,Angra Dos Reis
19,Aperibé
19,Araruama
19,Areal
19,Armação Dos Búzios
19,Arraial do Cabo
19,Barra do Piraí
19,Barra Mansa
19,Belford Roxo
19,Bom Jardim
19,Bom Jesus do Itabapoana
19,Cabo Frio
19,Cachoeiras de Macacu
19,Cambuci
19,Carapebus
19,Comendador Levy Gasparian
19,Campos Dos Goytacazes
19,Cantagalo
19,Cardoso Moreira
19,Carmo
19,Casimiro de Abreu
19,Conceição de Macabu
19,Cordeiro
19,Duas Barras
19,Duque de Caxias
19,Engenheiro Paulo de Frontin
19,Guapimirim
19,Iguaba Grande
19,Itaboraí
19,Itaguaí
19,Italva
19,Itaocara
19,Itaperuna
19,Itatiaia
19,Japeri
19,Laje do Muriaé
19,Macaé
19,Macuco
19,Magé
19,Mangaratiba
19,Maricá
19,Mendes
19,Mesquita
19,Miguel Pereira
19,Miracema
19,Natividade
19,Nilópolis
19,Niterói
19,Nova Friburgo
19,Nova Iguaçu
19,Paracambi
19,Paraíba do Sul
19,Parati
19,Paty do Alferes
19,Petrópolis
19,Pinheiral
19,Piraí
19,Porciúncula
19,Porto Real
19,Quatis
19,Queimados
19,Quissamã
19,Resende
19,Rio Bonito
19,Rio Claro
19,Rio Das Flores
19,Rio Das Ostras
19,Rio de Janeiro
19,Santa Maria Madalena
19,Santo Antônio de Pádua
19,São Francisco de Itabapoana
19,São Fidélis
19,São Gonçalo
19,São João da Barra
19,São João de Meriti
19,São José de Ubá
19,São José do Vale do Rio Preto
19,São Pedro da Aldeia
19,São Sebastião do Alto
19,Sapucaia
19,Saquarema
19,Seropédica
19,Silva Jardim
19,Sumidouro
19,Tanguá
19,Teresópolis
19,Trajano de Morais
19,Três Rios
19,Valença
19,Varre-sai
19,Vassouras
19,Volta Redonda
20,Acari
20,Açu
20,Afonso Bezerra
20,Água Nova
20,Alexandria
20,Almino Afonso
20,Alto do Rodrigues
20,Angicos
20,Antônio Martins
20,Apodi
20,Areia Branca
20,Arês
20,Augusto Severo
20,Baía Formosa
20,Baraúna
20,Barcelona
20,Bento Fernandes
20,Bodó
20,Bom Jesus
20,Brejinho
20,Caiçara do Norte
20,Caiçara do Rio do Vento
20,Caicó
20,Campo Redondo
20,Canguaretama
20,Caraúbas
20,Carnaúba Dos Dantas
20,Carnaubais
20,Ceará-mirim
20,Cerro Corá
20,Coronel Ezequiel
20,Coronel João Pessoa
20,Cruzeta
20,Currais Novos
20,Doutor Severiano
20,Parnamirim
20,Encanto
20,Equador
20,Espírito Santo
20,Extremoz
20,Felipe Guerra
20,Fernando Pedroza
20,Florânia
20,Francisco Dantas
20,Frutuoso Gomes
20,Galinhos
20,Goianinha
20,Governador Dix-sept Rosado
20,Grossos
20,Guamaré
20,Ielmo Marinho
20,Ipanguaçu
20,Ipueira
20,Itajá
20,Itaú
20,Jaçanã
20,Jandaíra
20,Janduís
20,Januário Cicco
20,Japi
20,Jardim de Angicos
20,Jardim de Piranhas
20,Jardim do Seridó
20,João Câmara
20,João Dias
20,José da Penha
20,Jucurutu
20,Jundiá
20,Lagoa D´anta
20,Lagoa de Pedras
20,Lagoa de Velhos
20,Lagoa Nova
20,Lagoa Salgada
20,Lajes
20,Lajes Pintadas
20,Lucrécia
20,Luís Gomes
20,Macaíba
20,Macau
20,Major Sales
20,Marcelino Vieira
20,Martins
20,Maxaranguape
20,Messias Targino
20,Montanhas
20,Monte Alegre
20,Monte Das Gameleiras
20,Mossoró
20,Natal
20,Nísia Floresta
20,Nova Cruz
20,Olho-d´água do Borges
20,Ouro Branco
20,Paraná
20,Paraú
20,Parazinho
20,Parelhas
20,Rio do Fogo
20,Passa e Fica
20,Passagem
20,Patu
20,Santa Maria
20,Pau Dos Ferros
20,Pedra Grande
20,Pedra Preta
20,Pedro Avelino
20,Pedro Velho
20,Pendências
20,Pilões
20,Poço Branco
20,Portalegre
20,Porto do Mangue
20,Presidente Juscelino
20,Pureza
20,Rafael Fernandes
20,Rafael Godeiro
20,Riacho da Cruz
20,Riacho de Santana
20,Riachuelo
20,Rodolfo Fernandes
20,Tibau
20,Ruy Barbosa
20,Santa Cruz
20,Santana do Matos
20,Santana do Seridó
20,Santo Antônio
20,São Bento do Norte
20,São Bento do Trairí
20,São Fernando
20,São Francisco do Oeste
20,São Gonçalo do Amarante
20,São João do Sabugi
20,São José de Mipibu
20,São José do Campestre
20,São José do Seridó
20,São Miguel
20,São Miguel do Gostoso
20,São Paulo do Potengi
20,São Pedro
20,São Rafael
20,São Tomé
20,São Vicente
20,Senador Elói de Souza
20,Senador Georgino Avelino
20,Serra de São Bento
20,Serra do Mel
20,Serra Negra do Norte
20,Serrinha
20,Serrinha Dos Pintos
20,Severiano Melo
20,Sítio Novo
20,Taboleiro Grande
20,Taipu
20,Tangará
20,Tenente Ananias
20,Tenente Laurentino Cruz
20,Tibau do Sul
20,Timbaúba Dos Batistas
20,Touros
20,Triunfo Potiguar
20,Umarizal
20,Upanema
20,Várzea
20,Venha-ver
20,Vera Cruz
20,Viçosa
20,Vila Flor
22,Alta Floresta D´oeste
22,Ariquemes
22,Cabixi
22,Cacoal
22,Cerejeiras
22,Colorado do Oeste
22,Corumbiara
22,Costa Marques
22,Espigão D´oeste
22,Guajará-mirim
22,Jaru
22,Ji-paraná
22,Machadinho D´oeste
22,Nova Brasilândia D´oeste
22,Ouro Preto do Oeste
22,Pimenta Bueno
22,Porto Velho
22,Presidente Médici
22,Rio Crespo
22,Rolim de Moura
22,Santa Luzia D´oeste
22,Vilhena
22,São Miguel do Guaporé
22,Nova Mamoré
22,Alvorada D´oeste
22,Alto Alegre Dos Parecis
22,Alto Paraíso
22,Buritis
22,Novo Horizonte do Oeste
22,Cacaulândia
22,Campo Novo de Rondônia
22,Candeias do Jamari
22,Castanheiras
22,Chupinguaia
22,Cujubim
22,Governador Jorge Teixeira
22,Itapuã do Oeste
22,Ministro Andreazza
22,Mirante da Serra
22,Monte Negro
22,Nova União
22,Parecis
22,Pimenteiras do Oeste
22,Primavera de Rondônia
22,São Felipe D´oeste
22,São Francisco do Guaporé
22,Seringueiras
22,Teixeirópolis
22,Theobroma
22,Urupá
22,Vale do Anari
22,Vale do Paraíso
23,Amajari
23,Alto Alegre
23,Boa Vista
23,Bonfim
23,Cantá
23,Caracaraí
23,Caroebe
23,Iracema
23,Mucajaí
23,Normandia
23,Pacaraima
23,Rorainópolis
23,São João da Baliza
23,São Luiz
23,Uiramutã
21,Aceguá
21,Água Santa
21,Agudo
21,Ajuricaba
21,Alecrim
21,Alegrete
21,Alegria
21,Almirante Tamandaré do Sul
21,Alpestre
21,Alto Alegre
21,Alto Feliz
21,Alvorada
21,Amaral Ferrador
21,Ametista do Sul
21,André da Rocha
21,Anta Gorda
21,Antônio Prado
21,Arambaré
21,Araricá
21,Aratiba
21,Arroio do Meio
21,Arroio do Sal
21,Arroio do Padre
21,Arroio Dos Ratos
21,Arroio do Tigre
21,Arroio Grande
21,Arvorezinha
21,Augusto Pestana
21,Áurea
21,Bagé
21,Balneário Pinhal
21,Barão
21,Barão de Cotegipe
21,Barão do Triunfo
21,Barracão
21,Barra do Guarita
21,Barra do Quaraí
21,Barra do Ribeiro
21,Barra do Rio Azul
21,Barra Funda
21,Barros Cassal
21,Benjamin Constant do Sul
21,Bento Gonçalves
21,Boa Vista Das Missões
21,Boa Vista do Buricá
21,Boa Vista do Cadeado
21,Boa Vista do Incra
21,Boa Vista do Sul
21,Bom Jesus
21,Bom Princípio
21,Bom Progresso
21,Bom Retiro do Sul
21,Boqueirão do Leão
21,Bossoroca
21,Bozano
21,Braga
21,Brochier
21,Butiá
21,Caçapava do Sul
21,Cacequi
21,Cachoeira do Sul
21,Cachoeirinha
21,Cacique Doble
21,Caibaté
21,Caiçara
21,Camaquã
21,Camargo
21,Cambará do Sul
21,Campestre da Serra
21,Campina Das Missões
21,Campinas do Sul
21,Campo Bom
21,Campo Novo
21,Campos Borges
21,Candelária
21,Cândido Godói
21,Candiota
21,Canela
21,Canguçu
21,Canoas
21,Canudos do Vale
21,Capão Bonito do Sul
21,Capão da Canoa
21,Capão do Cipó
21,Capão do Leão
21,Capivari do Sul
21,Capela de Santana
21,Capitão
21,Carazinho
21,Caraá
21,Carlos Barbosa
21,Carlos Gomes
21,Casca
21,Caseiros
21,Catuípe
21,Caxias do Sul
21,Centenário
21,Cerrito
21,Cerro Branco
21,Cerro Grande
21,Cerro Grande do Sul
21,Cerro Largo
21,Chapada
21,Charqueadas
21,Charrua
21,Chiapetta
21,Chuí
21,Chuvisca
21,Cidreira
21,Ciríaco
21,Colinas
21,Colorado
21,Condor
21,Constantina
21,Coqueiro Baixo
21,Coqueiros do Sul
21,Coronel Barros
21,Coronel Bicaco
21,Coronel Pilar
21,Cotiporã
21,Coxilha
21,Crissiumal
21,Cristal
21,Cristal do Sul
21,Cruz Alta
21,Cruzaltense
21,Cruzeiro do Sul
21,David Canabarro
21,Derrubadas
21,Dezesseis de Novembro
21,Dilermando de Aguiar
21,Dois Irmãos
21,Dois Irmãos Das Missões
21,Dois Lajeados
21,Dom Feliciano
21,Dom Pedro de Alcântara
21,Dom Pedrito
21,Dona Francisca
21,Doutor Maurício Cardoso
21,Doutor Ricardo
21,Eldorado do Sul
21,Encantado
21,Encruzilhada do Sul
21,Engenho Velho
21,Entre-ijuís
21,Entre Rios do Sul
21,Erebango
21,Erechim
21,Ernestina
21,Herval
21,Erval Grande
21,Erval Seco
21,Esmeralda
21,Esperança do Sul
21,Espumoso
21,Estação
21,Estância Velha
21,Esteio
21,Estrela
21,Estrela Velha
21,Eugênio de Castro
21,Fagundes Varela
21,Farroupilha
21,Faxinal do Soturno
21,Faxinalzinho
21,Fazenda Vilanova
21,Feliz
21,Flores da Cunha
21,Floriano Peixoto
21,Fontoura Xavier
21,Formigueiro
21,Forquetinha
21,Fortaleza Dos Valos
21,Frederico Westphalen
21,Garibaldi
21,Garruchos
21,Gaurama
21,General Câmara
21,Gentil
21,Getúlio Vargas
21,Giruá
21,Glorinha
21,Gramado
21,Gramado Dos Loureiros
21,Gramado Xavier
21,Gravataí
21,Guabiju
21,Guaíba
21,Guaporé
21,Guarani Das Missões
21,Harmonia
21,Herveiras
21,Horizontina
21,Hulha Negra
21,Humaitá
21,Ibarama
21,Ibiaçá
21,Ibiraiaras
21,Ibirapuitã
21,Ibirubá
21,Igrejinha
21,Ijuí
21,Ilópolis
21,Imbé
21,Imigrante
21,Independência
21,Inhacorá
21,Ipê
21,Ipiranga do Sul
21,Iraí
21,Itaara
21,Itacurubi
21,Itapuca
21,Itaqui
21,Itati
21,Itatiba do Sul
21,Ivorá
21,Ivoti
21,Jaboticaba
21,Jacuizinho
21,Jacutinga
21,Jaguarão
21,Jaguari
21,Jaquirana
21,Jari
21,Jóia
21,Júlio de Castilhos
21,Lagoa Bonita do Sul
21,Lagoão
21,Lagoa Dos Três Cantos
21,Lagoa Vermelha
21,Lajeado
21,Lajeado do Bugre
21,Lavras do Sul
21,Liberato Salzano
21,Lindolfo Collor
21,Linha Nova
21,Machadinho
21,Maçambara
21,Mampituba
21,Manoel Viana
21,Maquiné
21,Maratá
21,Marau
21,Marcelino Ramos
21,Mariana Pimentel
21,Mariano Moro
21,Marques de Souza
21,Mata
21,Mato Castelhano
21,Mato Leitão
21,Mato Queimado
21,Maximiliano de Almeida
21,Minas do Leão
21,Miraguaí
21,Montauri
21,Monte Alegre Dos Campos
21,Monte Belo do Sul
21,Montenegro
21,Mormaço
21,Morrinhos do Sul
21,Morro Redondo
21,Morro Reuter
21,Mostardas
21,Muçum
21,Muitos Capões
21,Muliterno
21,Não-me-toque
21,Nicolau Vergueiro
21,Nonoai
21,Nova Alvorada
21,Nova Araçá
21,Nova Bassano
21,Nova Boa Vista
21,Nova Bréscia
21,Nova Candelária
21,Nova Esperança do Sul
21,Nova Hartz
21,Nova Pádua
21,Nova Palma
21,Nova Petrópolis
21,Nova Prata
21,Nova Ramada
21,Nova Roma do Sul
21,Nova Santa Rita
21,Novo Cabrais
21,Novo Hamburgo
21,Novo Machado
21,Novo Tiradentes
21,Novo Xingu
21,Novo Barreiro
21,Osório
21,Paim Filho
21,Palmares do Sul
21,Palmeira Das Missões
21,Palmitinho
21,Panambi
21,Pantano Grande
21,Paraí
21,Paraíso do Sul
21,Pareci Novo
21,Parobé
21,Passa Sete
21,Passo do Sobrado
21,Passo Fundo
21,Paulo Bento
21,Paverama
21,Pedras Altas
21,Pedro Osório
21,Pejuçara
21,Pelotas
21,Picada Café
21,Pinhal
21,Pinhal da Serra
21,Pinhal Grande
21,Pinheirinho do Vale
21,Pinheiro Machado
21,Pinto Bandeira
21,Pirapó
21,Piratini
21,Planalto
21,Poço Das Antas
21,Pontão
21,Ponte Preta
21,Portão
21,Porto Alegre
21,Porto Lucena
21,Porto Mauá
21,Porto Vera Cruz
21,Porto Xavier
21,Pouso Novo
21,Presidente Lucena
21,Progresso
21,Protásio Alves
21,Putinga
21,Quaraí
21,Quatro Irmãos
21,Quevedos
21,Quinze de Novembro
21,Redentora
21,Relvado
21,Restinga Seca
21,Rio Dos Índios
21,Rio Grande
21,Rio Pardo
21,Riozinho
21,Roca Sales
21,Rodeio Bonito
21,Rolador
21,Rolante
21,Ronda Alta
21,Rondinha
21,Roque Gonzales
21,Rosário do Sul
21,Sagrada Família
21,Saldanha Marinho
21,Salto do Jacuí
21,Salvador Das Missões
21,Salvador do Sul
21,Sananduva
21,Santa Bárbara do Sul
21,Santa Cecília do Sul
21,Santa Clara do Sul
21,Santa Cruz do Sul
21,Santa Maria
21,Santa Maria do Herval
21,Santa Margarida do Sul
21,Santana da Boa Vista
21,Santana do Livramento
21,Santa Rosa
21,Santa Tereza
21,Santa Vitória do Palmar
21,Santiago
21,Santo Ângelo
21,Santo Antônio do Palma
21,Santo Antônio da Patrulha
21,Santo Antônio Das Missões
21,Santo Antônio do Planalto
21,Santo Augusto
21,Santo Cristo
21,Santo Expedito do Sul
21,São Borja
21,São Domingos do Sul
21,São Francisco de Assis
21,São Francisco de Paula
21,São Gabriel
21,São Jerônimo
21,São João da Urtiga
21,São João do Polêsine
21,São Jorge
21,São José Das Missões
21,São José do Herval
21,São José do Hortêncio
21,São José do Inhacorá
21,São José do Norte
21,São José do Ouro
21,São José do Sul
21,São José Dos Ausentes
21,São Leopoldo
21,São Lourenço do Sul
21,São Luiz Gonzaga
21,São Marcos
21,São Martinho
21,São Martinho da Serra
21,São Miguel Das Missões
21,São Nicolau
21,São Paulo Das Missões
21,São Pedro da Serra
21,São Pedro Das Missões
21,São Pedro do Butiá
21,São Pedro do Sul
21,São Sebastião do Caí
21,São Sepé
21,São Valentim
21,São Valentim do Sul
21,São Valério do Sul
21,São Vendelino
21,São Vicente do Sul
21,Sapiranga
21,Sapucaia do Sul
21,Sarandi
21,Seberi
21,Sede Nova
21,Segredo
21,Selbach
21,Senador Salgado Filho
21,Sentinela do Sul
21,Serafina Corrêa
21,Sério
21,Sertão
21,Sertão Santana
21,Sete de Setembro
21,Severiano de Almeida
21,Silveira Martins
21,Sinimbu
21,Sobradinho
21,Soledade
21,Tabaí
21,Tapejara
21,Tapera
21,Tapes
21,Taquara
21,Taquari
21,Taquaruçu do Sul
21,Tavares
21,Tenente Portela
21,Terra de Areia
21,Teutônia
21,Tio Hugo
21,Tiradentes do Sul
21,Toropi
21,Torres
21,Tramandaí
21,Travesseiro
21,Três Arroios
21,Três Cachoeiras
21,Três Coroas
21,Três de Maio
21,Três Forquilhas
21,Três Palmeiras
21,Três Passos
21,Trindade do Sul
21,Triunfo
21,Tucunduva
21,Tunas
21,Tupanci do Sul
21,Tupanciretã
21,Tupandi
21,Tuparendi
21,Turuçu
21,Ubiretama
21,União da Serra
21,Unistalda
21,Uruguaiana
21,Vacaria
21,Vale Verde
21,Vale do Sol
21,Vale Real
21,Vanini
21,Venâncio Aires
21,Vera Cruz
21,Veranópolis
21,Vespasiano Correa
21,Viadutos
21,Viamão
21,Vicente Dutra
21,Victor Graeff
21,Vila Flores
21,Vila Lângaro
21,Vila Maria
21,Vila Nova do Sul
21,Vista Alegre
21,Vista Alegre do Prata
21,Vista Gaúcha
21,Vitória Das Missões
21,Westfalia
21,Xangri-lá
24,Abdon Batista
24,Abelardo Luz
24,Agrolândia
24,Agronômica
24,Água Doce
24,Águas de Chapecó
24,Águas Frias
24,Águas Mornas
24,Alfredo Wagner
24,Alto Bela Vista
24,Anchieta
24,Angelina
24,Anita Garibaldi
24,Anitápolis
24,Antônio Carlos
24,Apiúna
24,Arabutã
24,Araquari
24,Araranguá
24,Armazém
24,Arroio Trinta
24,Arvoredo
24,Ascurra
24,Atalanta
24,Aurora
24,Balneário Arroio do Silva
24,Balneário Camboriú
24,Balneário Barra do Sul
24,Balneário Gaivota
24,Bandeirante
24,Barra Bonita
24,Barra Velha
24,Bela Vista do Toldo
24,Belmonte
24,Benedito Novo
24,Biguaçu
24,Blumenau
24,Bocaina do Sul
24,Bombinhas
24,Bom Jardim da Serra
24,Bom Jesus
24,Bom Jesus do Oeste
24,Bom Retiro
24,Botuverá
24,Braço do Norte
24,Braço do Trombudo
24,Brunópolis
24,Brusque
24,Caçador
24,Caibi
24,Calmon
24,Camboriú
24,Capão Alto
24,Campo Alegre
24,Campo Belo do Sul
24,Campo Erê
24,Campos Novos
24,Canelinha
24,Canoinhas
24,Capinzal
24,Capivari de Baixo
24,Catanduvas
24,Caxambu do Sul
24,Celso Ramos
24,Cerro Negro
24,Chapadão do Lageado
24,Chapecó
24,Cocal do Sul
24,Concórdia
24,Cordilheira Alta
24,Coronel Freitas
24,Coronel Martins
24,Corupá
24,Correia Pinto
24,Criciúma
24,Cunha Porã
24,Cunhataí
24,Curitibanos
24,Descanso
24,Dionísio Cerqueira
24,Dona Emma
24,Doutor Pedrinho
24,Entre Rios
24,Ermo
24,Erval Velho
24,Faxinal Dos Guedes
24,Flor do Sertão
24,Florianópolis
24,Formosa do Sul
24,Forquilhinha
24,Fraiburgo
24,Frei Rogério
24,Galvão
24,Garopaba
24,Garuva
24,Gaspar
24,Governador Celso Ramos
24,Grão Pará
24,Gravatal
24,Guabiruba
24,Guaraciaba
24,Guaramirim
24,Guarujá do Sul
24,Guatambú
24,Herval D´oeste
24,Ibiam
24,Ibicaré
24,Ibirama
24,Içara
24,Ilhota
24,Imaruí
24,Imbituba
24,Imbuia
24,Indaial
24,Iomerê
24,Ipira
24,Iporã do Oeste
24,Ipuaçu
24,Ipumirim
24,Iraceminha
24,Irani
24,Irati
24,Irineópolis
24,Itá
24,Itaiópolis
24,Itajaí
24,Itapema
24,Itapiranga
24,Itapoá
24,Ituporanga
24,Jaborá
24,Jacinto Machado
24,Jaguaruna
24,Jaraguá do Sul
24,Jardinópolis
24,Joaçaba
24,Joinville
24,José Boiteux
24,Jupiá
24,Lacerdópolis
24,Lages
24,Laguna
24,Lajeado Grande
24,Laurentino
24,Lauro Muller
24,Lebon Régis
24,Leoberto Leal
24,Lindóia do Sul
24,Lontras
24,Luiz Alves
24,Luzerna
24,Macieira
24,Mafra
24,Major Gercino
24,Major Vieira
24,Maracajá
24,Maravilha
24,Marema
24,Massaranduba
24,Matos Costa
24,Meleiro
24,Mirim Doce
24,Modelo
24,Mondaí
24,Monte Carlo
24,Monte Castelo
24,Morro da Fumaça
24,Morro Grande
24,Navegantes
24,Nova Erechim
24,Nova Itaberaba
24,Nova Trento
24,Nova Veneza
24,Novo Horizonte
24,Orleans
24,Otacílio Costa
24,Ouro
24,Ouro Verde
24,Paial
24,Painel
24,Palhoça
24,Palma Sola
24,Palmeira
24,Palmitos
24,Papanduva
24,Paraíso
24,Passo de Torres
24,Passos Maia
24,Paulo Lopes
24,Pedras Grandes
24,Penha
24,Peritiba
24,Pescaria Brava
24,Petrolândia
24,Piçarras
24,Pinhalzinho
24,Pinheiro Preto
24,Piratuba
24,Planalto Alegre
24,Pomerode
24,Ponte Alta
24,Ponte Alta do Norte
24,Ponte Serrada
24,Porto Belo
24,Porto União
24,Pouso Redondo
24,Praia Grande
24,Presidente Castelo Branco
24,Presidente Getúlio
24,Presidente Nereu
24,Princesa
24,Quilombo
24,Rancho Queimado
24,Rio Das Antas
24,Rio do Campo
24,Rio do Oeste
24,Rio Dos Cedros
24,Rio do Sul
24,Rio Fortuna
24,Rio Negrinho
24,Rio Rufino
24,Riqueza
24,Rodeio
24,Romelândia
24,Salete
24,Saltinho
24,Salto Veloso
24,Sangão
24,Santa Cecília
24,Santa Helena
24,Santa Rosa de Lima
24,Santa Rosa do Sul
24,Santa Terezinha
24,Santa Terezinha do Progresso
24,Santiago do Sul
24,Santo Amaro da Imperatriz
24,São Bernardino
24,São Bento do Sul
24,São Bonifácio
24,São Carlos
24,São Cristovão do Sul
24,São Domingos
24,São Francisco do Sul
24,São João do Oeste
24,São João Batista
24,São João do Itaperiú
24,São João do Sul
24,São Joaquim
24,São José
24,São José do Cedro
24,São José do Cerrito
24,São Lourenço do Oeste
24,São Ludgero
24,São Martinho
24,São Miguel da Boa Vista
24,São Miguel do Oeste
24,São Pedro de Alcântara
24,Saudades
24,Schroeder
24,Seara
24,Serra Alta
24,Siderópolis
24,Sombrio
24,Sul Brasil
24,Taió
24,Tangará
24,Tigrinhos
24,Tijucas
24,Timbé do Sul
24,Timbó
24,Timbó Grande
24,Três Barras
24,Treviso
24,Treze de Maio
24,Treze Tílias
24,Trombudo Central
24,Tubarão
24,Tunápolis
24,Turvo
24,União do Oeste
24,Urubici
24,Urupema
24,Urussanga
24,Vargeão
24,Vargem
24,Vargem Bonita
24,Vidal Ramos
24,Videira
24,Vitor Meireles
24,Witmarsum
24,Xanxerê
24,Xavantina
24,Xaxim
24,Zortéa
24,Balneário Rincão
26,Amparo de São Francisco
26,Aquidabã
26,Aracaju
26,Arauá
26,Areia Branca
26,Barra Dos Coqueiros
26,Boquim
26,Brejo Grande
26,Campo do Brito
26,Canhoba
26,Canindé de São Francisco
26,Capela
26,Carira
26,Carmópolis
26,Cedro de São João
26,Cristinápolis
26,Cumbe
26,Divina Pastora
26,Estância
26,Feira Nova
26,Frei Paulo
26,Gararu
26,General Maynard
26,Gracho Cardoso
26,Ilha Das Flores
26,Indiaroba
26,Itabaiana
26,Itabaianinha
26,Itabi
26,Itaporanga D´ajuda
26,Japaratuba
26,Japoatã
26,Lagarto
26,Laranjeiras
26,Macambira
26,Malhada Dos Bois
26,Malhador
26,Maruim
26,Moita Bonita
26,Monte Alegre de Sergipe
26,Muribeca
26,Neópolis
26,Nossa Senhora Aparecida
26,Nossa Senhora da Glória
26,Nossa Senhora Das Dores
26,Nossa Senhora de Lourdes
26,Nossa Senhora do Socorro
26,Pacatuba
26,Pedra Mole
26,Pedrinhas
26,Pinhão
26,Pirambu
26,Poço Redondo
26,Poço Verde
26,Porto da Folha
26,Propriá
26,Riachão do Dantas
26,Riachuelo
26,Ribeirópolis
26,Rosário do Catete
26,Salgado
26,Santa Luzia do Itanhy
26,Santana do São Francisco
26,Santa Rosa de Lima
26,Santo Amaro Das Brotas
26,São Cristóvão
26,São Domingos
26,São Francisco
26,São Miguel do Aleixo
26,Simão Dias
26,Siriri
26,Telha
26,Tobias Barreto
26,Tomar do Geru
26,Umbaúba
25,Adamantina
25,Adolfo
25,Aguaí
25,Águas da Prata
25,Águas de Lindóia
25,Águas de Santa Bárbara
25,Águas de São Pedro
25,Agudos
25,Alambari
25,Alfredo Marcondes
25,Altair
25,Altinópolis
25,Alto Alegre
25,Alumínio
25,Álvares Florence
25,Álvares Machado
25,Álvaro de Carvalho
25,Alvinlândia
25,Americana
25,Américo Brasiliense
25,Américo de Campos
25,Amparo
25,Analândia
25,Andradina
25,Angatuba
25,Anhembi
25,Anhumas
25,Aparecida
25,Aparecida D´oeste
25,Apiaí
25,Araçariguama
25,Araçatuba
25,Araçoiaba da Serra
25,Aramina
25,Arandu
25,Arapeí
25,Araraquara
25,Araras
25,Arco-íris
25,Arealva
25,Areias
25,Areiópolis
25,Ariranha
25,Artur Nogueira
25,Arujá
25,Aspásia
25,Assis
25,Atibaia
25,Auriflama
25,Avaí
25,Avanhandava
25,Avaré
25,Bady Bassitt
25,Balbinos
25,Bálsamo
25,Bananal
25,Barão de Antonina
25,Barbosa
25,Bariri
25,Barra Bonita
25,Barra do Chapéu
25,Barra do Turvo
25,Barretos
25,Barrinha
25,Barueri
25,Bastos
25,Batatais
25,Bauru
25,Bebedouro
25,Bento de Abreu
25,Bernardino de Campos
25,Bertioga
25,Bilac
25,Birigui
25,Biritiba-mirim
25,Boa Esperança do Sul
25,Bocaina
25,Bofete
25,Boituva
25,Bom Jesus Dos Perdões
25,Bom Sucesso de Itararé
25,Borá
25,Boracéia
25,Borborema
25,Borebi
25,Botucatu
25,Bragança Paulista
25,Braúna
25,Brejo Alegre
25,Brodowski
25,Brotas
25,Buri
25,Buritama
25,Buritizal
25,Cabrália Paulista
25,Cabreúva
25,Caçapava
25,Cachoeira Paulista
25,Caconde
25,Cafelândia
25,Caiabu
25,Caieiras
25,Caiuá
25,Cajamar
25,Cajati
25,Cajobi
25,Cajuru
25,Campina do Monte Alegre
25,Campinas
25,Campo Limpo Paulista
25,Campos do Jordão
25,Campos Novos Paulista
25,Cananéia
25,Canas
25,Cândido Mota
25,Cândido Rodrigues
25,Canitar
25,Capão Bonito
25,Capela do Alto
25,Capivari
25,Caraguatatuba
25,Carapicuíba
25,Cardoso
25,Casa Branca
25,Cássia Dos Coqueiros
25,Castilho
25,Catanduva
25,Catiguá
25,Cedral
25,Cerqueira César
25,Cerquilho
25,Cesário Lange
25,Charqueada
25,Clementina
25,Colina
25,Colômbia
25,Conchal
25,Conchas
25,Cordeirópolis
25,Coroados
25,Coronel Macedo
25,Corumbataí
25,Cosmópolis
25,Cosmorama
25,Cotia
25,Cravinhos
25,Cristais Paulista
25,Cruzália
25,Cruzeiro
25,Cubatão
25,Cunha
25,Descalvado
25,Diadema
25,Dirce Reis
25,Divinolândia
25,Dobrada
25,Dois Córregos
25,Dolcinópolis
25,Dourado
25,Dracena
25,Duartina
25,Dumont
25,Echaporã
25,Eldorado
25,Elias Fausto
25,Elisiário
25,Embaúba
25,Embu
25,Embu-guaçu
25,Emilianópolis
25,Engenheiro Coelho
25,Espírito Santo do Pinhal
25,Espírito Santo do Turvo
25,Estrela D´oeste
25,Estrela do Norte
25,Euclides da Cunha Paulista
25,Fartura
25,Fernandópolis
25,Fernando Prestes
25,Fernão
25,Ferraz de Vasconcelos
25,Flora Rica
25,Floreal
25,Flórida Paulista
25,Florínia
25,Franca
25,Francisco Morato
25,Franco da Rocha
25,Gabriel Monteiro
25,Gália
25,Garça
25,Gastão Vidigal
25,Gavião Peixoto
25,General Salgado
25,Getulina
25,Glicério
25,Guaiçara
25,Guaimbê
25,Guaíra
25,Guapiaçu
25,Guapiara
25,Guará
25,Guaraçaí
25,Guaraci
25,Guarani D´oeste
25,Guarantã
25,Guararapes
25,Guararema
25,Guaratinguetá
25,Guareí
25,Guariba
25,Guarujá
25,Guarulhos
25,Guatapará
25,Guzolândia
25,Herculândia
25,Holambra
25,Hortolândia
25,Iacanga
25,Iacri
25,Iaras
25,Ibaté
25,Ibirá
25,Ibirarema
25,Ibitinga
25,Ibiúna
25,Icém
25,Iepê
25,Igaraçu do Tietê
25,Igarapava
25,Igaratá
25,Iguape
25,Ilhabela
25,Ilha Comprida
25,Ilha Solteira
25,Indaiatuba
25,Indiana
25,Indiaporã
25,Inúbia Paulista
25,Ipaussu
25,Iperó
25,Ipeúna
25,Ipiguá
25,Iporanga
25,Ipuã
25,Iracemápolis
25,Irapuã
25,Irapuru
25,Itaberá
25,Itaí
25,Itajobi
25,Itaju
25,Itanhaém
25,Itaóca
25,Itapecerica da Serra
25,Itapetininga
25,Itapeva
25,Itapevi
25,Itapira
25,Itapirapuã Paulista
25,Itápolis
25,Itaporanga
25,Itapuí
25,Itapura
25,Itaquaquecetuba
25,Itararé
25,Itariri
25,Itatiba
25,Itatinga
25,Itirapina
25,Itirapuã
25,Itobi
25,Itu
25,Itupeva
25,Ituverava
25,Jaborandi
25,Jaboticabal
25,Jacareí
25,Jaci
25,Jacupiranga
25,Jaguariúna
25,Jales
25,Jambeiro
25,Jandira
25,Jardinópolis
25,Jarinu
25,Jaú
25,Jeriquara
25,Joanópolis
25,João Ramalho
25,José Bonifácio
25,Júlio Mesquita
25,Jumirim
25,Jundiaí
25,Junqueirópolis
25,Juquiá
25,Juquitiba
25,Lagoinha
25,Laranjal Paulista
25,Lavínia
25,Lavrinhas
25,Leme
25,Lençóis Paulista
25,Limeira
25,Lindóia
25,Lins
25,Lorena
25,Lourdes
25,Louveira
25,Lucélia
25,Lucianópolis
25,Luís Antônio
25,Luiziânia
25,Lupércio
25,Lutécia
25,Macatuba
25,Macaubal
25,Macedônia
25,Magda
25,Mairinque
25,Mairiporã
25,Manduri
25,Marabá Paulista
25,Maracaí
25,Marapoama
25,Mariápolis
25,Marília
25,Marinópolis
25,Martinópolis
25,Matão
25,Mauá
25,Mendonça
25,Meridiano
25,Mesópolis
25,Miguelópolis
25,Mineiros do Tietê
25,Miracatu
25,Mira Estrela
25,Mirandópolis
25,Mirante do Paranapanema
25,Mirassol
25,Mirassolândia
25,Mococa
25,Moji Das Cruzes
25,Mogi Guaçu
25,Moji-mirim
25,Mombuca
25,Monções
25,Mongaguá
25,Monte Alegre do Sul
25,Monte Alto
25,Monte Aprazível
25,Monte Azul Paulista
25,Monte Castelo
25,Monteiro Lobato
25,Monte Mor
25,Morro Agudo
25,Morungaba
25,Motuca
25,Murutinga do Sul
25,Nantes
25,Narandiba
25,Natividade da Serra
25,Nazaré Paulista
25,Neves Paulista
25,Nhandeara
25,Nipoã
25,Nova Aliança
25,Nova Campina
25,Nova Canaã Paulista
25,Nova Castilho
25,Nova Europa
25,Nova Granada
25,Nova Guataporanga
25,Nova Independência
25,Novais
25,Nova Luzitânia
25,Nova Odessa
25,Novo Horizonte
25,Nuporanga
25,Ocauçu
25,Óleo
25,Olímpia
25,Onda Verde
25,Oriente
25,Orindiúva
25,Orlândia
25,Osasco
25,Oscar Bressane
25,Osvaldo Cruz
25,Ourinhos
25,Ouroeste
25,Ouro Verde
25,Pacaembu
25,Palestina
25,Palmares Paulista
25,Palmeira D´oeste
25,Palmital
25,Panorama
25,Paraguaçu Paulista
25,Paraibuna
25,Paraíso
25,Paranapanema
25,Paranapuã
25,Parapuã
25,Pardinho
25,Pariquera-açu
25,Parisi
25,Patrocínio Paulista
25,Paulicéia
25,Paulínia
25,Paulistânia
25,Paulo de Faria
25,Pederneiras
25,Pedra Bela
25,Pedranópolis
25,Pedregulho
25,Pedreira
25,Pedrinhas Paulista
25,Pedro de Toledo
25,Penápolis
25,Pereira Barreto
25,Pereiras
25,Peruíbe
25,Piacatu
25,Piedade
25,Pilar do Sul
25,Pindamonhangaba
25,Pindorama
25,Pinhalzinho
25,Piquerobi
25,Piquete
25,Piracaia
25,Piracicaba
25,Piraju
25,Pirajuí
25,Pirangi
25,Pirapora do Bom Jesus
25,Pirapozinho
25,Pirassununga
25,Piratininga
25,Pitangueiras
25,Planalto
25,Platina
25,Poá
25,Poloni
25,Pompéia
25,Pongaí
25,Pontal
25,Pontalinda
25,Pontes Gestal
25,Populina
25,Porangaba
25,Porto Feliz
25,Porto Ferreira
25,Potim
25,Potirendaba
25,Pracinha
25,Pradópolis
25,Praia Grande
25,Pratânia
25,Presidente Alves
25,Presidente Bernardes
25,Presidente Epitácio
25,Presidente Prudente
25,Presidente Venceslau
25,Promissão
25,Quadra
25,Quatá
25,Queiroz
25,Queluz
25,Quintana
25,Rafard
25,Rancharia
25,Redenção da Serra
25,Regente Feijó
25,Reginópolis
25,Registro
25,Restinga
25,Ribeira
25,Ribeirão Bonito
25,Ribeirão Branco
25,Ribeirão Corrente
25,Ribeirão do Sul
25,Ribeirão Dos Índios
25,Ribeirão Grande
25,Ribeirão Pires
25,Ribeirão Preto
25,Riversul
25,Rifaina
25,Rincão
25,Rinópolis
25,Rio Claro
25,Rio Das Pedras
25,Rio Grande da Serra
25,Riolândia
25,Rosana
25,Roseira
25,Rubiácea
25,Rubinéia
25,Sabino
25,Sagres
25,Sales
25,Sales Oliveira
25,Salesópolis
25,Salmourão
25,Saltinho
25,Salto
25,Salto de Pirapora
25,Salto Grande
25,Sandovalina
25,Santa Adélia
25,Santa Albertina
25,Santa Bárbara D´oeste
25,Santa Branca
25,Santa Clara D´oeste
25,Santa Cruz da Conceição
25,Santa Cruz da Esperança
25,Santa Cruz Das Palmeiras
25,Santa Cruz do Rio Pardo
25,Santa Ernestina
25,Santa fé do Sul
25,Santa Gertrudes
25,Santa Isabel
25,Santa Lúcia
25,Santa Maria da Serra
25,Santa Mercedes
25,Santana da Ponte Pensa
25,Santana de Parnaíba
25,Santa Rita D´oeste
25,Santa Rita do Passa Quatro
25,Santa Rosa de Viterbo
25,Santa Salete
25,Santo Anastácio
25,Santo André
25,Santo Antônio da Alegria
25,Santo Antônio de Posse
25,Santo Antônio do Aracanguá
25,Santo Antônio do Jardim
25,Santo Antônio do Pinhal
25,Santo Expedito
25,Santópolis do Aguapeí
25,Santos
25,São Bento do Sapucaí
25,São Bernardo do Campo
25,São Caetano do Sul
25,São Carlos
25,São Francisco
25,São João da Boa Vista
25,São João Das Duas Pontes
25,São João de Iracema
25,São João do Pau D´alho
25,São Joaquim da Barra
25,São José da Bela Vista
25,São José do Barreiro
25,São José do Rio Pardo
25,São José do Rio Preto
25,São José Dos Campos
25,São Lourenço da Serra
25,São Luís do Paraitinga
25,São Manuel
25,São Miguel Arcanjo
25,São Paulo
25,São Pedro
25,São Pedro do Turvo
25,São Roque
25,São Sebastião
25,São Sebastião da Grama
25,São Simão
25,São Vicente
25,Sarapuí
25,Sarutaiá
25,Sebastianópolis do Sul
25,Serra Azul
25,Serrana
25,Serra Negra
25,Sertãozinho
25,Sete Barras
25,Severínia
25,Silveiras
25,Socorro
25,Sorocaba
25,Sud Mennucci
25,Sumaré
25,Suzano
25,Suzanápolis
25,Tabapuã
25,Tabatinga
25,Taboão da Serra
25,Taciba
25,Taguaí
25,Taiaçu
25,Taiúva
25,Tambaú
25,Tanabi
25,Tapiraí
25,Tapiratiba
25,Taquaral
25,Taquaritinga
25,Taquarituba
25,Taquarivaí
25,Tarabai
25,Tarumã
25,Tatuí
25,Taubaté
25,Tejupá
25,Teodoro Sampaio
25,Terra Roxa
25,Tietê
25,Timburi
25,Torre de Pedra
25,Torrinha
25,Trabiju
25,Tremembé
25,Três Fronteiras
25,Tuiuti
25,Tupã
25,Tupi Paulista
25,Turiúba
25,Turmalina
25,Ubarana
25,Ubatuba
25,Ubirajara
25,Uchoa
25,União Paulista
25,Urânia
25,Uru
25,Urupês
25,Valentim Gentil
25,Valinhos
25,Valparaíso
25,Vargem
25,Vargem Grande do Sul
25,Vargem Grande Paulista
25,Várzea Paulista
25,Vera Cruz
25,Vinhedo
25,Viradouro
25,Vista Alegre do Alto
25,Vitória Brasil
25,Votorantim
25,Votuporanga
25,Zacarias
25,Chavantes
25,Estiva Gerbi
27,Abreulândia
27,Aguiarnópolis
27,Aliança do Tocantins
27,Almas
27,Alvorada
27,Ananás
27,Angico
27,Aparecida do Rio Negro
27,Aragominas
27,Araguacema
27,Araguaçu
27,Araguaína
27,Araguanã
27,Araguatins
27,Arapoema
27,Arraias
27,Augustinópolis
27,Aurora do Tocantins
27,Axixá do Tocantins
27,Babaçulândia
27,Bandeirantes do Tocantins
27,Barra do Ouro
27,Barrolândia
27,Bernardo Sayão
27,Bom Jesus do Tocantins
27,Brasilândia do Tocantins
27,Brejinho de Nazaré
27,Buriti do Tocantins
27,Cachoeirinha
27,Campos Lindos
27,Cariri do Tocantins
27,Carmolândia
27,Carrasco Bonito
27,Caseara
27,Centenário
27,Chapada de Areia
27,Chapada da Natividade
27,Colinas do Tocantins
27,Combinado
27,Conceição do Tocantins
27,Couto de Magalhães
27,Cristalândia
27,Crixás do Tocantins
27,Darcinópolis
27,Dianópolis
27,Divinópolis do Tocantins
27,Dois Irmãos do Tocantins
27,Dueré
27,Esperantina
27,Fátima
27,Figueirópolis
27,Filadélfia
27,Formoso do Araguaia
27,Fortaleza do Tabocão
27,Goianorte
27,Goiatins
27,Guaraí
27,Gurupi
27,Ipueiras
27,Itacajá
27,Itaguatins
27,Itapiratins
27,Itaporã do Tocantins
27,Jaú do Tocantins
27,Juarina
27,Lagoa da Confusão
27,Lagoa do Tocantins
27,Lajeado
27,Lavandeira
27,Lizarda
27,Luzinópolis
27,Marianópolis do Tocantins
27,Mateiros
27,Maurilândia do Tocantins
27,Miracema do Tocantins
27,Miranorte
27,Monte do Carmo
27,Monte Santo do Tocantins
27,Palmeiras do Tocantins
27,Muricilândia
27,Natividade
27,Nazaré
27,Nova Olinda
27,Nova Rosalândia
27,Novo Acordo
27,Novo Alegre
27,Novo Jardim
27,Oliveira de Fátima
27,Palmeirante
27,Palmeirópolis
27,Paraíso do Tocantins
27,Paranã
27,Pau D´arco
27,Pedro Afonso
27,Peixe
27,Pequizeiro
27,Colméia
27,Pindorama do Tocantins
27,Piraquê
27,Pium
27,Ponte Alta do Bom Jesus
27,Ponte Alta do Tocantins
27,Porto Alegre do Tocantins
27,Porto Nacional
27,Praia Norte
27,Presidente Kennedy
27,Pugmil
27,Recursolândia
27,Riachinho
27,Rio da Conceição
27,Rio Dos Bois
27,Rio Sono
27,Sampaio
27,Sandolândia
27,Santa fé do Araguaia
27,Santa Maria do Tocantins
27,Santa Rita do Tocantins
27,Santa Rosa do Tocantins
27,Santa Tereza do Tocantins
27,Santa Terezinha do Tocantins
27,São Bento do Tocantins
27,São Félix do Tocantins
27,São Miguel do Tocantins
27,São Salvador do Tocantins
27,São Sebastião do Tocantins
27,São Valério da Natividade
27,Silvanópolis
27,Sítio Novo do Tocantins
27,Sucupira
27,Taguatinga
27,Taipas do Tocantins
27,Talismã
27,Palmas
27,Tocantínia
27,Tocantinópolis
27,Tupirama
27,Tupiratins
27,Wanderlândia
27,Xambioá
